Workbook

Sheet Product Price
A1: รุ่น/รายละเอียด | B1: ราคา | C1: image link | D1: Helper | F1: Brand | G1: File Name
A2: HONOR Magic V6 16/512 GB | B2: 67999 | C2: 161 | D2: =IF(OR($A2="",LEFT($A2,1)="*"),"",IF('Detail Price'!$A$2="All",ROW(),IF(LEFT($A2,LEN('Detail Price'!$A$2))='Detail Price'!$A$2,ROW(),""))) -> 2 | F2: HONOR | G2: AddedArtboard 3AM2
A3: HONOR Magic8 Pro 12/512 GB | B3: 39990 | C3: 1 | D3: =IF(OR($A3="",LEFT($A3,1)="*"),"",IF('Detail Price'!$A$2="All",ROW(),IF(LEFT($A3,LEN('Detail Price'!$A$2))='Detail Price'!$A$2,ROW(),""))) -> 3 | F3: HUAWEI | G3: AddedArtboard 4AM2
A4: HONOR X6d 4/128 GB | B4: 5999 | C4: 2 | D4: =IF(OR($A4="",LEFT($A4,1)="*"),"",IF('Detail Price'!$A$2="All",ROW(),IF(LEFT($A4,LEN('Detail Price'!$A$2))='Detail Price'!$A$2,ROW(),""))) -> 4 | F4: INFINIX | G4: AddedArtboard 6AM2
A5: HONOR 600 Lite 5G 8/256 GB | B5: 13999 | C5: 3 | D5: =IF(OR($A5="",LEFT($A5,1)="*"),"",IF('Detail Price'!$A$2="All",ROW(),IF(LEFT($A5,LEN('Detail Price'!$A$2))='Detail Price'!$A$2,ROW(),""))) -> 5 | F5: Nubia | G5: AddedArtboard 7AM2
A6: HONOR 600 5G 12/256 GB | B6: 19999 | C6: 4 | D6: =IF(OR($A6="",LEFT($A6,1)="*"),"",IF('Detail Price'!$A$2="All",ROW(),IF(LEFT($A6,LEN('Detail Price'!$A$2))='Detail Price'!$A$2,ROW(),""))) -> 6 | F6: Realme | G6: AddedArtboard 5AM2
A7: HONOR 600 Pro 5G 12/512 GB | B7: 29999 | C7: 5 | D7: =IF(OR($A7="",LEFT($A7,1)="*"),"",IF('Detail Price'!$A$2="All",ROW(),IF(LEFT($A7,LEN('Detail Price'!$A$2))='Detail Price'!$A$2,ROW(),""))) -> 7 | F7: Samsung | G7: AddedArtboard 2AM2
A8: HONOR X7e 6/256 GB | B8: 8999 | C8: 159 | D8: =IF(OR($A8="",LEFT($A8,1)="*"),"",IF('Detail Price'!$A$2="All",ROW(),IF(LEFT($A8,LEN('Detail Price'!$A$2))='Detail Price'!$A$2,ROW(),""))) -> 8 | F8: TECNO | G8: AddedArtboard 5Layout
A9: HONOR X7e 6/128 GB | B9: 7999 | C9: 160 | D9: =IF(OR($A9="",LEFT($A9,1)="*"),"",IF('Detail Price'!$A$2="All",ROW(),IF(LEFT($A9,LEN('Detail Price'!$A$2))='Detail Price'!$A$2,ROW(),""))) -> 9 | F9: REDMI | G9: AddedArtboard 8AM2
A10: HONOR Pad X8b 6/128 GB | B10: 8999 | C10: 6 | D10: =IF(OR($A10="",LEFT($A10,1)="*"),"",IF('Detail Price'!$A$2="All",ROW(),IF(LEFT($A10,LEN('Detail Price'!$A$2))='Detail Price'!$A$2,ROW(),""))) -> 10 | F10: XIAOMI | G10: AddedArtboard 9AM2
A11: HUAWEI Mate X7 16/512 GB | B11: 59990 | C11: 7 | D11: =IF(OR($A11="",LEFT($A11,1)="*"),"",IF('Detail Price'!$A$2="All",ROW(),IF(LEFT($A11,LEN('Detail Price'!$A$2))='Detail Price'!$A$2,ROW(),""))) -> 11 | F11: OPPO | G11: AddedArtboard 10AM2
A12: HUAWEI Pura 90s ProMax 12/512 GB | B12: 49990 | C12: 177 | D12: =IF(OR($A12="",LEFT($A12,1)="*"),"",IF('Detail Price'!$A$2="All",ROW(),IF(LEFT($A12,LEN('Detail Price'!$A$2))='Detail Price'!$A$2,ROW(),""))) -> 12 | F12: vivo | G12: AddedArtboard 11AM2
A13: HUAWEI Pura 90s 12/512 GB | B13: 38990 | C13: 178 | D13: =IF(OR($A13="",LEFT($A13,1)="*"),"",IF('Detail Price'!$A$2="All",ROW(),IF(LEFT($A13,LEN('Detail Price'!$A$2))='Detail Price'!$A$2,ROW(),""))) -> 13 | F13: iQOO | G13: AddedArtboard 12AM2
A14: HUAWEI Pura 90s 12/256 GB | B14: 34990 | C14: 179 | D14: =IF(OR($A14="",LEFT($A14,1)="*"),"",IF('Detail Price'!$A$2="All",ROW(),IF(LEFT($A14,LEN('Detail Price'!$A$2))='Detail Price'!$A$2,ROW(),""))) -> 14
A15: HUAWEI 80 Pro 16/512 GB | B15: 37990 | C15: 8 | D15: =IF(OR($A15="",LEFT($A15,1)="*"),"",IF('Detail Price'!$A$2="All",ROW(),IF(LEFT($A15,LEN('Detail Price'!$A$2))='Detail Price'!$A$2,ROW(),""))) -> 15
A16: HUAWEI Pura 80 Ultra 16/512 GB | B16: 39990 | C16: 9 | D16: =IF(OR($A16="",LEFT($A16,1)="*"),"",IF('Detail Price'!$A$2="All",ROW(),IF(LEFT($A16,LEN('Detail Price'!$A$2))='Detail Price'!$A$2,ROW(),""))) -> 16
A17: HUAWEI Pura 80 Pro 12/512 GB | B17: 29990 | C17: 10 | D17: =IF(OR($A17="",LEFT($A17,1)="*"),"",IF('Detail Price'!$A$2="All",ROW(),IF(LEFT($A17,LEN('Detail Price'!$A$2))='Detail Price'!$A$2,ROW(),""))) -> 17
A18: HUAWEI Pura 80 12/256 GB | B18: 19990 | C18: 11 | D18: =IF(OR($A18="",LEFT($A18,1)="*"),"",IF('Detail Price'!$A$2="All",ROW(),IF(LEFT($A18,LEN('Detail Price'!$A$2))='Detail Price'!$A$2,ROW(),""))) -> 18
A19: HUAWEI Nova 14 Pro 12/512 GB | B19: 15990 | C19: 12 | D19: =IF(OR($A19="",LEFT($A19,1)="*"),"",IF('Detail Price'!$A$2="All",ROW(),IF(LEFT($A19,LEN('Detail Price'!$A$2))='Detail Price'!$A$2,ROW(),""))) -> 19
A20: HUAWEI Nova 14 12/256 GB | B20: 11990 | C20: 13 | D20: =IF(OR($A20="",LEFT($A20,1)="*"),"",IF('Detail Price'!$A$2="All",ROW(),IF(LEFT($A20,LEN('Detail Price'!$A$2))='Detail Price'!$A$2,ROW(),""))) -> 20
A21: HUAWEI Nova Y73 8/256 GB | B21: 5990 | C21: 14 | D21: =IF(OR($A21="",LEFT($A21,1)="*"),"",IF('Detail Price'!$A$2="All",ROW(),IF(LEFT($A21,LEN('Detail Price'!$A$2))='Detail Price'!$A$2,ROW(),""))) -> 21
A22: HUAWEI MatePad ProMax 12/512 GB | B22: 52990 | C22: 180 | D22: =IF(OR($A22="",LEFT($A22,1)="*"),"",IF('Detail Price'!$A$2="All",ROW(),IF(LEFT($A22,LEN('Detail Price'!$A$2))='Detail Price'!$A$2,ROW(),""))) -> 22
A23: HUAWEI MatePad ProMax 12/256 GB | B23: 39990 | C23: 181 | D23: =IF(OR($A23="",LEFT($A23,1)="*"),"",IF('Detail Price'!$A$2="All",ROW(),IF(LEFT($A23,LEN('Detail Price'!$A$2))='Detail Price'!$A$2,ROW(),""))) -> 23
A24: HUAWEI MatePad Pro 13.2 12/512 GB | B24: 32990 | C24: 15 | D24: =IF(OR($A24="",LEFT($A24,1)="*"),"",IF('Detail Price'!$A$2="All",ROW(),IF(LEFT($A24,LEN('Detail Price'!$A$2))='Detail Price'!$A$2,ROW(),""))) -> 24
A25: HUAWEI MatePad Pro 12.2 2025 12/512 GB | B25: 27990 | C25: 16 | D25: =IF(OR($A25="",LEFT($A25,1)="*"),"",IF('Detail Price'!$A$2="All",ROW(),IF(LEFT($A25,LEN('Detail Price'!$A$2))='Detail Price'!$A$2,ROW(),""))) -> 25
... A265: iQOO Z11x 8/128 GB | B265: 9900 | C265: 248 | D265: =IF(OR($A265="",LEFT($A265,1)="*"),"",IF('Detail Price'!$A$2="All",ROW(),IF(LEFT($A265,LEN('Detail Price'!$A$2))='Detail Price'!$A$2,ROW(),""))) -> 265

Sheet Detail Price
A1: 0.0115 | B1: 400 | C1: 0
A2: All | B2: Price | C2: Image Link | D2: Insurance | E2: price+ins | F2: Down 15% | G2: FA | H2: FA+Ins | I2: 6 เดือน | J2: 9 เดือน | K2: 12 เดือน | L2: 15 เดือน | M2: 18 เดือน | N2: 24 เดือน | O2: Down 20% | P2: FA | Q2: FA+Ins | R2: 6 เดือน | S2: 9 เดือน | T2: 12 เดือน | U2: 15 เดือน | V2: 18 เดือน | W2: 24 เดือน | X2: Down 25% | Y2: FA | Z2: FA+Ins | AA2: 6 เดือน | AB2: 9 เดือน | AC2: 12 เดือน | AD2: 15 เดือน | AE2: 18 เดือน | AF2: 24 เดือน | AG2: Down 35% | AH2: FA | AI2: FA+Ins | AJ2: 6 เดือน | AK2: 9 เดือน | AL2: 12 เดือน | AM2: 15 เดือน | AN2: 18 เดือน | AO2: 24 เดือน | AP2: Down 40% | AQ2: FA | AR2: FA+Ins | AS2: 6 เดือน | AT2: 9 เดือน | AU2: 12 เดือน | AV2: 15 เดือน | AW2: 18 เดือน | AX2: 24 เดือน
A3: {=IFERROR(INDEX('Product Price'!A:A,SMALL('Product Price'!$D:$D,1)),"")} -> HONOR Magic V6 16/512 GB | B3: {=IFERROR(INDEX('Product Price'!B:B,SMALL('Product Price'!$D:$D,1)),"")} -> 67999 | C3: {=IFERROR(INDEX('Product Price'!C:C,SMALL('Product Price'!$D:$D,1)),"")} -> 161 | D3: =IF(AND(B3>=3900,B3<=10000),795,IF(AND(B3>=10001,B3<=20000),1450,IF(AND(B3>=20001,B3<=40000),1900,IF(AND(B3>=40001,B3<=60000),2475,IF(AND(B3>=60001,B3<=80000),4025,IF(AND(B3>=80001,B3<=100000),5175,IF(AND(B3>=100001,B3<=120000),6785,""))))))) -> 4025 | E3: =IFERROR(B3+D3,"") -> 72024 | F3: =IFERROR(ROUNDUP($B3*15%,0),"") -> 10200 | G3: =$B3-F3 -> 57799 | H3: =$G3+D3 -> 61824 | I3: =IF(((G3*$A$1)*6)<$C$1,"-",IF(ROUNDUP((((G3*100/107)*(1+($A$1*6)))/6)*1.07,0)<$B$1,"-",ROUNDUP(((((G3*100/107)+$D3)*(1+($A$1*6)))/6)*1.07,0))) -> 11066 | J3: =IF(((G3*$A$1)*9)<$C$1,"-",IF(ROUNDUP((((G3*100/107)*(1+($A$1*9)))/9)*1.07,0)<$B$1,"-",ROUNDUP(((((G3*100/107)+$D3)*(1+($A$1*9)))/9)*1.07,0))) -> 7615 | K3: =IF(((G3*$A$1)*12)<$C$1,"-",IF(ROUNDUP((((G3*100/107)*(1+($A$1*12)))/12)*1.07,0)<$B$1,"-",ROUNDUP(((((G3*100/107)+$D3)*(1+($A$1*12)))/12)*1.07,0))) -> 5890 | L3: =IF(((G3*$A$1)*15)<$C$1,"-",IF(ROUNDUP((((G3*100/107)*(1+($A$1*15)))/15)*1.07,0)<$B$1,"-",ROUNDUP(((((G3*100/107)+$D3)*(1+($A$1*15)))/15)*1.07,0))) -> 4855 | M3: =IF(((G3*$A$1)*18)<$C$1,"-",IF(ROUNDUP((((G3*100/107)*(1+($A$1*18)))/18)*1.07,0)<$B$1,"-",ROUNDUP(((((G3*100/107)+$D3)*(1+($A$1*18)))/18)*1.07,0))) -> 4165 | N3: =IF(((G3*$A$1)*24)<$C$1,"-",IF(ROUNDUP((((G3*100/107)*(1+($A$1*24)))/24)*1.07,0)<$B$1,"-",ROUNDUP(((((G3*100/107)+$D3)*(1+($A$1*24)))/24)*1.07,0))) -> 3302 | O3: =ROUNDUP($B3*20%,0) -> 13600 | P3: =$B3-O3 -> 54399 | Q3: =P3+$D3 -> 58424 | R3: =IF(((P3*$A$1)*6)<$C$1,"-",IF(ROUNDUP((((P3*100/107)*(1+($A$1*6)))/6)*1.07,0)<$B$1,"-",ROUNDUP(((((P3*100/107)+$D3)*(1+($A$1*6)))/6)*1.07,0))) -> 10460 | S3: =IF(((P3*$A$1)*9)<$C$1,"-",IF(ROUNDUP((((P3*100/107)*(1+($A$1*9)))/9)*1.07,0)<$B$1,"-",ROUNDUP(((((P3*100/107)+$D3)*(1+($A$1*9)))/9)*1.07,0))) -> 7198 | T3: =IF(((P3*$A$1)*12)<$C$1,"-",IF(ROUNDUP((((P3*100/107)*(1+($A$1*12)))/12)*1.07,0)<$B$1,"-",ROUNDUP(((((P3*100/107)+$D3)*(1+($A$1*12)))/12)*1.07,0))) -> 5568 | U3: =IF(((P3*$A$1)*15)<$C$1,"-",IF(ROUNDUP((((P3*100/107)*(1+($A$1*15)))/15)*1.07,0)<$B$1,"-",ROUNDUP(((((P3*100/107)+$D3)*(1+($A$1*15)))/15)*1.07,0))) -> 4589 | V3: =IF(((P3*$A$1)*18)<$C$1,"-",IF(ROUNDUP((((P3*100/107)*(1+($A$1*18)))/18)*1.07,0)<$B$1,"-",ROUNDUP(((((P3*100/107)+$D3)*(1+($A$1*18)))/18)*1.07,0))) -> 3937 | W3: =IF(((P3*$A$1)*24)<$C$1,"-",IF(ROUNDUP((((P3*100/107)*(1+($A$1*24)))/24)*1.07,0)<$B$1,"-",ROUNDUP(((((P3*100/107)+$D3)*(1+($A$1*24)))/24)*1.07,0))) -> 3122 | X3: =ROUNDUP($B3*25%,0) -> 17000 | Y3: =$B3-X3 -> 50999 | Z3: =Y3+$D3 -> 55024 | AA3: =IF(((Y3*$A$1)*6)<$C$1,"-",IF(ROUNDUP((((Y3*100/107)*(1+($A$1*6)))/6)*1.07,0)<$B$1,"-",ROUNDUP(((((Y3*100/107)+$D3)*(1+($A$1*6)))/6)*1.07,0))) -> 9854 | AB3: =IF(((Y3*$A$1)*9)<$C$1,"-",IF(ROUNDUP((((Y3*100/107)*(1+($A$1*9)))/9)*1.07,0)<$B$1,"-",ROUNDUP(((((Y3*100/107)+$D3)*(1+($A$1*9)))/9)*1.07,0))) -> 6782 | AC3: =IF(((Y3*$A$1)*12)<$C$1,"-",IF(ROUNDUP((((Y3*100/107)*(1+($A$1*12)))/12)*1.07,0)<$B$1,"-",ROUNDUP(((((Y3*100/107)+$D3)*(1+($A$1*12)))/12)*1.07,0))) -> 5245 | AD3: =IF(((Y3*$A$1)*15)<$C$1,"-",IF(ROUNDUP((((Y3*100/107)*(1+($A$1*15)))/15)*1.07,0)<$B$1,"-",ROUNDUP(((((Y3*100/107)+$D3)*(1+($A$1*15)))/15)*1.07,0))) -> 4324 | AE3: =IF(((Y3*$A$1)*18)<$C$1,"-",IF(ROUNDUP((((Y3*100/107)*(1+($A$1*18)))/18)*1.07,0)<$B$1,"-",ROUNDUP(((((Y3*100/107)+$D3)*(1+($A$1*18)))/18)*1.07,0))) -> 3709 | AF3: =IF(((Y3*$A$1)*24)<$C$1,"-",IF(ROUNDUP((((Y3*100/107)*(1+($A$1*24)))/24)*1.07,0)<$B$1,"-",ROUNDUP(((((Y3*100/107)+$D3)*(1+($A$1*24)))/24)*1.07,0))) -> 2941 | AG3: =ROUNDUP($B3*35%,0) -> 23800 | AH3: =$B3-AG3 -> 44199 | AI3: =AH3+$D3 -> 48224 | AJ3: =IF(((AH3*$A$1)*6)<$C$1,"-",IF(ROUNDUP((((AH3*100/107)*(1+($A$1*6)))/6)*1.07,0)<$B$1,"-",ROUNDUP(((((AH3*100/107)+$D3)*(1+($A$1*6)))/6)*1.07,0))) -> 8643 | AK3: =IF(((AH3*$A$1)*9)<$C$1,"-",IF(ROUNDUP((((AH3*100/107)*(1+($A$1*9)))/9)*1.07,0)<$B$1,"-",ROUNDUP(((((AH3*100/107)+$D3)*(1+($A$1*9)))/9)*1.07,0))) -> 5948 | AL3: =IF(((AH3*$A$1)*12)<$C$1,"-",IF(ROUNDUP((((AH3*100/107)*(1+($A$1*12)))/12)*1.07,0)<$B$1,"-",ROUNDUP(((((AH3*100/107)+$D3)*(1+($A$1*12)))/12)*1.07,0))) -> 4600 | AM3: =IF(((AH3*$A$1)*15)<$C$1,"-",IF(ROUNDUP((((AH3*100/107)*(1+($A$1*15)))/15)*1.07,0)<$B$1,"-",ROUNDUP(((((AH3*100/107)+$D3)*(1+($A$1*15)))/15)*1.07,0))) -> 3792 | AN3: =IF(((AH3*$A$1)*18)<$C$1,"-",IF(ROUNDUP((((AH3*100/107)*(1+($A$1*18)))/18)*1.07,0)<$B$1,"-",ROUNDUP(((((AH3*100/107)+$D3)*(1+($A$1*18)))/18)*1.07,0))) -> 3253 | AO3: =IF(((AH3*$A$1)*24)<$C$1,"-",IF(ROUNDUP((((AH3*100/107)*(1+($A$1*24)))/24)*1.07,0)<$B$1,"-",ROUNDUP(((((AH3*100/107)+$D3)*(1+($A$1*24)))/24)*1.07,0))) -> 2579 | AP3: =ROUNDUP($B3*40%,0) -> 27200 | AQ3: =$B3-AP3 -> 40799 | AR3: =AQ3+$D3 -> 44824 | AS3: =IF(((AQ3*$A$1)*6)<$C$1,"-",IF(ROUNDUP((((AQ3*100/107)*(1+($A$1*6)))/6)*1.07,0)<$B$1,"-",ROUNDUP(((((AQ3*100/107)+$D3)*(1+($A$1*6)))/6)*1.07,0))) -> 8037 | AT3: =IF(((AQ3*$A$1)*9)<$C$1,"-",IF(ROUNDUP((((AQ3*100/107)*(1+($A$1*9)))/9)*1.07,0)<$B$1,"-",ROUNDUP(((((AQ3*100/107)+$D3)*(1+($A$1*9)))/9)*1.07,0))) -> 5531 | AU3: =IF(((AQ3*$A$1)*12)<$C$1,"-",IF(ROUNDUP((((AQ3*100/107)*(1+($A$1*12)))/12)*1.07,0)<$B$1,"-",ROUNDUP(((((AQ3*100/107)+$D3)*(1+($A$1*12)))/12)*1.07,0))) -> 4278 | AV3: =IF(((AQ3*$A$1)*15)<$C$1,"-",IF(ROUNDUP((((AQ3*100/107)*(1+($A$1*15)))/15)*1.07,0)<$B$1,"-",ROUNDUP(((((AQ3*100/107)+$D3)*(1+($A$1*15)))/15)*1.07,0))) -> 3526 | AW3: =IF(((AQ3*$A$1)*18)<$C$1,"-",IF(ROUNDUP((((AQ3*100/107)*(1+($A$1*18)))/18)*1.07,0)<$B$1,"-",ROUNDUP(((((AQ3*100/107)+$D3)*(1+($A$1*18)))/18)*1.07,0))) -> 3025 | AX3: =IF(((AQ3*$A$1)*24)<$C$1,"-",IF(ROUNDUP((((AQ3*100/107)*(1+($A$1*24)))/24)*1.07,0)<$B$1,"-",ROUNDUP(((((AQ3*100/107)+$D3)*(1+($A$1*24)))/24)*1.07,0))) -> 2399
A4: {=IFERROR(INDEX('Product Price'!A:A,SMALL('Product Price'!$D:$D,2)),"")} -> HONOR Magic8 Pro 12/512 GB | B4: {=IFERROR(INDEX('Product Price'!B:B,SMALL('Product Price'!$D:$D,2)),"")} -> 39990 | C4: {=IFERROR(INDEX('Product Price'!C:C,SMALL('Product Price'!$D:$D,2)),"")} -> 1 | D4: =IF(AND(B4>=3900,B4<=10000),795,IF(AND(B4>=10001,B4<=20000),1450,IF(AND(B4>=20001,B4<=40000),1900,IF(AND(B4>=40001,B4<=60000),2475,IF(AND(B4>=60001,B4<=80000),4025,IF(AND(B4>=80001,B4<=100000),5175,IF(AND(B4>=100001,B4<=120000),6785,""))))))) -> 1900 | E4: =IFERROR(B4+D4,"") -> 41890 | F4: =IFERROR(ROUNDUP($B4*15%,0),"") -> 5999 | G4: =$B4-F4 -> 33991 | H4: =$G4+D4 -> 35891 | I4: =IF(((G4*$A$1)*6)<$C$1,"-",IF(ROUNDUP((((G4*100/107)*(1+($A$1*6)))/6)*1.07,0)<$B$1,"-",ROUNDUP(((((G4*100/107)+$D4)*(1+($A$1*6)))/6)*1.07,0))) -> 6419 | J4: =IF(((G4*$A$1)*9)<$C$1,"-",IF(ROUNDUP((((G4*100/107)*(1+($A$1*9)))/9)*1.07,0)<$B$1,"-",ROUNDUP(((((G4*100/107)+$D4)*(1+($A$1*9)))/9)*1.07,0))) -> 4417 | K4: =IF(((G4*$A$1)*12)<$C$1,"-",IF(ROUNDUP((((G4*100/107)*(1+($A$1*12)))/12)*1.07,0)<$B$1,"-",ROUNDUP(((((G4*100/107)+$D4)*(1+($A$1*12)))/12)*1.07,0))) -> 3417 | L4: =IF(((G4*$A$1)*15)<$C$1,"-",IF(ROUNDUP((((G4*100/107)*(1+($A$1*15)))/15)*1.07,0)<$B$1,"-",ROUNDUP(((((G4*100/107)+$D4)*(1+($A$1*15)))/15)*1.07,0))) -> 2816 | M4: =IF(((G4*$A$1)*18)<$C$1,"-",IF(ROUNDUP((((G4*100/107)*(1+($A$1*18)))/18)*1.07,0)<$B$1,"-",ROUNDUP(((((G4*100/107)+$D4)*(1+($A$1*18)))/18)*1.07,0))) -> 2416 | N4: =IF(((G4*$A$1)*24)<$C$1,"-",IF(ROUNDUP((((G4*100/107)*(1+($A$1*24)))/24)*1.07,0)<$B$1,"-",ROUNDUP(((((G4*100/107)+$D4)*(1+($A$1*24)))/24)*1.07,0))) -> 1916 | O4: =ROUNDUP($B4*20%,0) -> 7998 | P4: =$B4-O4 -> 31992 | Q4: =P4+$D4 -> 33892 | R4: =IF(((P4*$A$1)*6)<$C$1,"-",IF(ROUNDUP((((P4*100/107)*(1+($A$1*6)))/6)*1.07,0)<$B$1,"-",ROUNDUP(((((P4*100/107)+$D4)*(1+($A$1*6)))/6)*1.07,0))) -> 6063 | S4: =IF(((P4*$A$1)*9)<$C$1,"-",IF(ROUNDUP((((P4*100/107)*(1+($A$1*9)))/9)*1.07,0)<$B$1,"-",ROUNDUP(((((P4*100/107)+$D4)*(1+($A$1*9)))/9)*1.07,0))) -> 4172 | T4: =IF(((P4*$A$1)*12)<$C$1,"-",IF(ROUNDUP((((P4*100/107)*(1+($A$1*12)))/12)*1.07,0)<$B$1,"-",ROUNDUP(((((P4*100/107)+$D4)*(1+($A$1*12)))/12)*1.07,0))) -> 3227 | U4: =IF(((P4*$A$1)*15)<$C$1,"-",IF(ROUNDUP((((P4*100/107)*(1+($A$1*15)))/15)*1.07,0)<$B$1,"-",ROUNDUP(((((P4*100/107)+$D4)*(1+($A$1*15)))/15)*1.07,0))) -> 2660 | V4: =IF(((P4*$A$1)*18)<$C$1,"-",IF(ROUNDUP((((P4*100/107)*(1+($A$1*18)))/18)*1.07,0)<$B$1,"-",ROUNDUP(((((P4*100/107)+$D4)*(1+($A$1*18)))/18)*1.07,0))) -> 2282 | W4: =IF(((P4*$A$1)*24)<$C$1,"-",IF(ROUNDUP((((P4*100/107)*(1+($A$1*24)))/24)*1.07,0)<$B$1,"-",ROUNDUP(((((P4*100/107)+$D4)*(1+($A$1*24)))/24)*1.07,0))) -> 1809 | X4: =ROUNDUP($B4*25%,0) -> 9998 | Y4: =$B4-X4 -> 29992 | Z4: =Y4+$D4 -> 31892 | AA4: =IF(((Y4*$A$1)*6)<$C$1,"-",IF(ROUNDUP((((Y4*100/107)*(1+($A$1*6)))/6)*1.07,0)<$B$1,"-",ROUNDUP(((((Y4*100/107)+$D4)*(1+($A$1*6)))/6)*1.07,0))) -> 5706 | AB4: =IF(((Y4*$A$1)*9)<$C$1,"-",IF(ROUNDUP((((Y4*100/107)*(1+($A$1*9)))/9)*1.07,0)<$B$1,"-",ROUNDUP(((((Y4*100/107)+$D4)*(1+($A$1*9)))/9)*1.07,0))) -> 3927 | AC4: =IF(((Y4*$A$1)*12)<$C$1,"-",IF(ROUNDUP((((Y4*100/107)*(1+($A$1*12)))/12)*1.07,0)<$B$1,"-",ROUNDUP(((((Y4*100/107)+$D4)*(1+($A$1*12)))/12)*1.07,0))) -> 3038 | AD4: =IF(((Y4*$A$1)*15)<$C$1,"-",IF(ROUNDUP((((Y4*100/107)*(1+($A$1*15)))/15)*1.07,0)<$B$1,"-",ROUNDUP(((((Y4*100/107)+$D4)*(1+($A$1*15)))/15)*1.07,0))) -> 2504 | AE4: =IF(((Y4*$A$1)*18)<$C$1,"-",IF(ROUNDUP((((Y4*100/107)*(1+($A$1*18)))/18)*1.07,0)<$B$1,"-",ROUNDUP(((((Y4*100/107)+$D4)*(1+($A$1*18)))/18)*1.07,0))) -> 2148 | AF4: =IF(((Y4*$A$1)*24)<$C$1,"-",IF(ROUNDUP((((Y4*100/107)*(1+($A$1*24)))/24)*1.07,0)<$B$1,"-",ROUNDUP(((((Y4*100/107)+$D4)*(1+($A$1*24)))/24)*1.07,0))) -> 1703 | AG4: =ROUNDUP($B4*35%,0) -> 13997 | AH4: =$B4-AG4 -> 25993 | AI4: =AH4+$D4 -> 27893 | AJ4: =IF(((AH4*$A$1)*6)<$C$1,"-",IF(ROUNDUP((((AH4*100/107)*(1+($A$1*6)))/6)*1.07,0)<$B$1,"-",ROUNDUP(((((AH4*100/107)+$D4)*(1+($A$1*6)))/6)*1.07,0))) -> 4994 | AK4: =IF(((AH4*$A$1)*9)<$C$1,"-",IF(ROUNDUP((((AH4*100/107)*(1+($A$1*9)))/9)*1.07,0)<$B$1,"-",ROUNDUP(((((AH4*100/107)+$D4)*(1+($A$1*9)))/9)*1.07,0))) -> 3437 | AL4: =IF(((AH4*$A$1)*12)<$C$1,"-",IF(ROUNDUP((((AH4*100/107)*(1+($A$1*12)))/12)*1.07,0)<$B$1,"-",ROUNDUP(((((AH4*100/107)+$D4)*(1+($A$1*12)))/12)*1.07,0))) -> 2658 | AM4: =IF(((AH4*$A$1)*15)<$C$1,"-",IF(ROUNDUP((((AH4*100/107)*(1+($A$1*15)))/15)*1.07,0)<$B$1,"-",ROUNDUP(((((AH4*100/107)+$D4)*(1+($A$1*15)))/15)*1.07,0))) -> 2191 | AN4: =IF(((AH4*$A$1)*18)<$C$1,"-",IF(ROUNDUP((((AH4*100/107)*(1+($A$1*18)))/18)*1.07,0)<$B$1,"-",ROUNDUP(((((AH4*100/107)+$D4)*(1+($A$1*18)))/18)*1.07,0))) -> 1880 | AO4: =IF(((AH4*$A$1)*24)<$C$1,"-",IF(ROUNDUP((((AH4*100/107)*(1+($A$1*24)))/24)*1.07,0)<$B$1,"-",ROUNDUP(((((AH4*100/107)+$D4)*(1+($A$1*24)))/24)*1.07,0))) -> 1491 | AP4: =ROUNDUP($B4*40%,0) -> 15996 | AQ4: =$B4-AP4 -> 23994 | AR4: =AQ4+$D4 -> 25894 | AS4: =IF(((AQ4*$A$1)*6)<$C$1,"-",IF(ROUNDUP((((AQ4*100/107)*(1+($A$1*6)))/6)*1.07,0)<$B$1,"-",ROUNDUP(((((AQ4*100/107)+$D4)*(1+($A$1*6)))/6)*1.07,0))) -> 4638 | AT4: =IF(((AQ4*$A$1)*9)<$C$1,"-",IF(ROUNDUP((((AQ4*100/107)*(1+($A$1*9)))/9)*1.07,0)<$B$1,"-",ROUNDUP(((((AQ4*100/107)+$D4)*(1+($A$1*9)))/9)*1.07,0))) -> 3192 | AU4: =IF(((AQ4*$A$1)*12)<$C$1,"-",IF(ROUNDUP((((AQ4*100/107)*(1+($A$1*12)))/12)*1.07,0)<$B$1,"-",ROUNDUP(((((AQ4*100/107)+$D4)*(1+($A$1*12)))/12)*1.07,0))) -> 2469 | AV4: =IF(((AQ4*$A$1)*15)<$C$1,"-",IF(ROUNDUP((((AQ4*100/107)*(1+($A$1*15)))/15)*1.07,0)<$B$1,"-",ROUNDUP(((((AQ4*100/107)+$D4)*(1+($A$1*15)))/15)*1.07,0))) -> 2035 | AW4: =IF(((AQ4*$A$1)*18)<$C$1,"-",IF(ROUNDUP((((AQ4*100/107)*(1+($A$1*18)))/18)*1.07,0)<$B$1,"-",ROUNDUP(((((AQ4*100/107)+$D4)*(1+($A$1*18)))/18)*1.07,0))) -> 1746 | AX4: =IF(((AQ4*$A$1)*24)<$C$1,"-",IF(ROUNDUP((((AQ4*100/107)*(1+($A$1*24)))/24)*1.07,0)<$B$1,"-",ROUNDUP(((((AQ4*100/107)+$D4)*(1+($A$1*24)))/24)*1.07,0))) -> 1384
A5: {=IFERROR(INDEX('Product Price'!A:A,SMALL('Product Price'!$D:$D,3)),"")} -> HONOR X6d 4/128 GB | B5: {=IFERROR(INDEX('Product Price'!B:B,SMALL('Product Price'!$D:$D,3)),"")} -> 5999 | C5: {=IFERROR(INDEX('Product Price'!C:C,SMALL('Product Price'!$D:$D,3)),"")} -> 2 | D5: =IF(AND(B5>=3900,B5<=10000),795,IF(AND(B5>=10001,B5<=20000),1450,IF(AND(B5>=20001,B5<=40000),1900,IF(AND(B5>=40001,B5<=60000),2475,IF(AND(B5>=60001,B5<=80000),4025,IF(AND(B5>=80001,B5<=100000),5175,IF(AND(B5>=100001,B5<=120000),6785,""))))))) -> 795 | E5: =IFERROR(B5+D5,"") -> 6794 | F5: =IFERROR(ROUNDUP($B5*15%,0),"") -> 900 | G5: =$B5-F5 -> 5099 | H5: =$G5+D5 -> 5894 | I5: =IF(((G5*$A$1)*6)<$C$1,"-",IF(ROUNDUP((((G5*100/107)*(1+($A$1*6)))/6)*1.07,0)<$B$1,"-",ROUNDUP(((((G5*100/107)+$D5)*(1+($A$1*6)))/6)*1.07,0))) -> 1061 | J5: =IF(((G5*$A$1)*9)<$C$1,"-",IF(ROUNDUP((((G5*100/107)*(1+($A$1*9)))/9)*1.07,0)<$B$1,"-",ROUNDUP(((((G5*100/107)+$D5)*(1+($A$1*9)))/9)*1.07,0))) -> 730 | K5: =IF(((G5*$A$1)*12)<$C$1,"-",IF(ROUNDUP((((G5*100/107)*(1+($A$1*12)))/12)*1.07,0)<$B$1,"-",ROUNDUP(((((G5*100/107)+$D5)*(1+($A$1*12)))/12)*1.07,0))) -> 565 | L5: =IF(((G5*$A$1)*15)<$C$1,"-",IF(ROUNDUP((((G5*100/107)*(1+($A$1*15)))/15)*1.07,0)<$B$1,"-",ROUNDUP(((((G5*100/107)+$D5)*(1+($A$1*15)))/15)*1.07,0))) -> - | M5: =IF(((G5*$A$1)*18)<$C$1,"-",IF(ROUNDUP((((G5*100/107)*(1+($A$1*18)))/18)*1.07,0)<$B$1,"-",ROUNDUP(((((G5*100/107)+$D5)*(1+($A$1*18)))/18)*1.07,0))) -> - | N5: =IF(((G5*$A$1)*24)<$C$1,"-",IF(ROUNDUP((((G5*100/107)*(1+($A$1*24)))/24)*1.07,0)<$B$1,"-",ROUNDUP(((((G5*100/107)+$D5)*(1+($A$1*24)))/24)*1.07,0))) -> - | O5: =ROUNDUP($B5*20%,0) -> 1200 | P5: =$B5-O5 -> 4799 | Q5: =P5+$D5 -> 5594 | R5: =IF(((P5*$A$1)*6)<$C$1,"-",IF(ROUNDUP((((P5*100/107)*(1+($A$1*6)))/6)*1.07,0)<$B$1,"-",ROUNDUP(((((P5*100/107)+$D5)*(1+($A$1*6)))/6)*1.07,0))) -> 1007 | S5: =IF(((P5*$A$1)*9)<$C$1,"-",IF(ROUNDUP((((P5*100/107)*(1+($A$1*9)))/9)*1.07,0)<$B$1,"-",ROUNDUP(((((P5*100/107)+$D5)*(1+($A$1*9)))/9)*1.07,0))) -> 693 | T5: =IF(((P5*$A$1)*12)<$C$1,"-",IF(ROUNDUP((((P5*100/107)*(1+($A$1*12)))/12)*1.07,0)<$B$1,"-",ROUNDUP(((((P5*100/107)+$D5)*(1+($A$1*12)))/12)*1.07,0))) -> 536 | U5: =IF(((P5*$A$1)*15)<$C$1,"-",IF(ROUNDUP((((P5*100/107)*(1+($A$1*15)))/15)*1.07,0)<$B$1,"-",ROUNDUP(((((P5*100/107)+$D5)*(1+($A$1*15)))/15)*1.07,0))) -> - | V5: =IF(((P5*$A$1)*18)<$C$1,"-",IF(ROUNDUP((((P5*100/107)*(1+($A$1*18)))/18)*1.07,0)<$B$1,"-",ROUNDUP(((((P5*100/107)+$D5)*(1+($A$1*18)))/18)*1.07,0))) -> - | W5: =IF(((P5*$A$1)*24)<$C$1,"-",IF(ROUNDUP((((P5*100/107)*(1+($A$1*24)))/24)*1.07,0)<$B$1,"-",ROUNDUP(((((P5*100/107)+$D5)*(1+($A$1*24)))/24)*1.07,0))) -> - | X5: =ROUNDUP($B5*25%,0) -> 1500 | Y5: =$B5-X5 -> 4499 | Z5: =Y5+$D5 -> 5294 | AA5: =IF(((Y5*$A$1)*6)<$C$1,"-",IF(ROUNDUP((((Y5*100/107)*(1+($A$1*6)))/6)*1.07,0)<$B$1,"-",ROUNDUP(((((Y5*100/107)+$D5)*(1+($A$1*6)))/6)*1.07,0))) -> 954 | AB5: =IF(((Y5*$A$1)*9)<$C$1,"-",IF(ROUNDUP((((Y5*100/107)*(1+($A$1*9)))/9)*1.07,0)<$B$1,"-",ROUNDUP(((((Y5*100/107)+$D5)*(1+($A$1*9)))/9)*1.07,0))) -> 656 | AC5: =IF(((Y5*$A$1)*12)<$C$1,"-",IF(ROUNDUP((((Y5*100/107)*(1+($A$1*12)))/12)*1.07,0)<$B$1,"-",ROUNDUP(((((Y5*100/107)+$D5)*(1+($A$1*12)))/12)*1.07,0))) -> 508 | AD5: =IF(((Y5*$A$1)*15)<$C$1,"-",IF(ROUNDUP((((Y5*100/107)*(1+($A$1*15)))/15)*1.07,0)<$B$1,"-",ROUNDUP(((((Y5*100/107)+$D5)*(1+($A$1*15)))/15)*1.07,0))) -> - | AE5: =IF(((Y5*$A$1)*18)<$C$1,"-",IF(ROUNDUP((((Y5*100/107)*(1+($A$1*18)))/18)*1.07,0)<$B$1,"-",ROUNDUP(((((Y5*100/107)+$D5)*(1+($A$1*18)))/18)*1.07,0))) -> - | AF5: =IF(((Y5*$A$1)*24)<$C$1,"-",IF(ROUNDUP((((Y5*100/107)*(1+($A$1*24)))/24)*1.07,0)<$B$1,"-",ROUNDUP(((((Y5*100/107)+$D5)*(1+($A$1*24)))/24)*1.07,0))) -> - | AG5: =ROUNDUP($B5*35%,0) -> 2100 | AH5: =$B5-AG5 -> 3899 | AI5: =AH5+$D5 -> 4694 | AJ5: =IF(((AH5*$A$1)*6)<$C$1,"-",IF(ROUNDUP((((AH5*100/107)*(1+($A$1*6)))/6)*1.07,0)<$B$1,"-",ROUNDUP(((((AH5*100/107)+$D5)*(1+($A$1*6)))/6)*1.07,0))) -> 847 | AK5: =IF(((AH5*$A$1)*9)<$C$1,"-",IF(ROUNDUP((((AH5*100/107)*(1+($A$1*9)))/9)*1.07,0)<$B$1,"-",ROUNDUP(((((AH5*100/107)+$D5)*(1+($A$1*9)))/9)*1.07,0))) -> 583 | AL5: =IF(((AH5*$A$1)*12)<$C$1,"-",IF(ROUNDUP((((AH5*100/107)*(1+($A$1*12)))/12)*1.07,0)<$B$1,"-",ROUNDUP(((((AH5*100/107)+$D5)*(1+($A$1*12)))/12)*1.07,0))) -> - | AM5: =IF(((AH5*$A$1)*15)<$C$1,"-",IF(ROUNDUP((((AH5*100/107)*(1+($A$1*15)))/15)*1.07,0)<$B$1,"-",ROUNDUP(((((AH5*100/107)+$D5)*(1+($A$1*15)))/15)*1.07,0))) -> - | AN5: =IF(((AH5*$A$1)*18)<$C$1,"-",IF(ROUNDUP((((AH5*100/107)*(1+($A$1*18)))/18)*1.07,0)<$B$1,"-",ROUNDUP(((((AH5*100/107)+$D5)*(1+($A$1*18)))/18)*1.07,0))) -> - | AO5: =IF(((AH5*$A$1)*24)<$C$1,"-",IF(ROUNDUP((((AH5*100/107)*(1+($A$1*24)))/24)*1.07,0)<$B$1,"-",ROUNDUP(((((AH5*100/107)+$D5)*(1+($A$1*24)))/24)*1.07,0))) -> - | AP5: =ROUNDUP($B5*40%,0) -> 2400 | AQ5: =$B5-AP5 -> 3599 | AR5: =AQ5+$D5 -> 4394 | AS5: =IF(((AQ5*$A$1)*6)<$C$1,"-",IF(ROUNDUP((((AQ5*100/107)*(1+($A$1*6)))/6)*1.07,0)<$B$1,"-",ROUNDUP(((((AQ5*100/107)+$D5)*(1+($A$1*6)))/6)*1.07,0))) -> 793 | AT5: =IF(((AQ5*$A$1)*9)<$C$1,"-",IF(ROUNDUP((((AQ5*100/107)*(1+($A$1*9)))/9)*1.07,0)<$B$1,"-",ROUNDUP(((((AQ5*100/107)+$D5)*(1+($A$1*9)))/9)*1.07,0))) -> 546 | AU5: =IF(((AQ5*$A$1)*12)<$C$1,"-",IF(ROUNDUP((((AQ5*100/107)*(1+($A$1*12)))/12)*1.07,0)<$B$1,"-",ROUNDUP(((((AQ5*100/107)+$D5)*(1+($A$1*12)))/12)*1.07,0))) -> - | AV5: =IF(((AQ5*$A$1)*15)<$C$1,"-",IF(ROUNDUP((((AQ5*100/107)*(1+($A$1*15)))/15)*1.07,0)<$B$1,"-",ROUNDUP(((((AQ5*100/107)+$D5)*(1+($A$1*15)))/15)*1.07,0))) -> - | AW5: =IF(((AQ5*$A$1)*18)<$C$1,"-",IF(ROUNDUP((((AQ5*100/107)*(1+($A$1*18)))/18)*1.07,0)<$B$1,"-",ROUNDUP(((((AQ5*100/107)+$D5)*(1+($A$1*18)))/18)*1.07,0))) -> - | AX5: =IF(((AQ5*$A$1)*24)<$C$1,"-",IF(ROUNDUP((((AQ5*100/107)*(1+($A$1*24)))/24)*1.07,0)<$B$1,"-",ROUNDUP(((((AQ5*100/107)+$D5)*(1+($A$1*24)))/24)*1.07,0))) -> -
A6: {=IFERROR(INDEX('Product Price'!A:A,SMALL('Product Price'!$D:$D,4)),"")} -> HONOR 600 Lite 5G 8/256 GB | B6: {=IFERROR(INDEX('Product Price'!B:B,SMALL('Product Price'!$D:$D,4)),"")} -> 13999 | C6: {=IFERROR(INDEX('Product Price'!C:C,SMALL('Product Price'!$D:$D,4)),"")} -> 3 | D6: =IF(AND(B6>=3900,B6<=10000),795,IF(AND(B6>=10001,B6<=20000),1450,IF(AND(B6>=20001,B6<=40000),1900,IF(AND(B6>=40001,B6<=60000),2475,IF(AND(B6>=60001,B6<=80000),4025,IF(AND(B6>=80001,B6<=100000),5175,IF(AND(B6>=100001,B6<=120000),6785,""))))))) -> 1450 | E6: =IFERROR(B6+D6,"") -> 15449 | F6: =IFERROR(ROUNDUP($B6*15%,0),"") -> 2100 | G6: =$B6-F6 -> 11899 | H6: =$G6+D6 -> 13349 | I6: =IF(((G6*$A$1)*6)<$C$1,"-",IF(ROUNDUP((((G6*100/107)*(1+($A$1*6)))/6)*1.07,0)<$B$1,"-",ROUNDUP(((((G6*100/107)+$D6)*(1+($A$1*6)))/6)*1.07,0))) -> 2397 | J6: =IF(((G6*$A$1)*9)<$C$1,"-",IF(ROUNDUP((((G6*100/107)*(1+($A$1*9)))/9)*1.07,0)<$B$1,"-",ROUNDUP(((((G6*100/107)+$D6)*(1+($A$1*9)))/9)*1.07,0))) -> 1650 | K6: =IF(((G6*$A$1)*12)<$C$1,"-",IF(ROUNDUP((((G6*100/107)*(1+($A$1*12)))/12)*1.07,0)<$B$1,"-",ROUNDUP(((((G6*100/107)+$D6)*(1+($A$1*12)))/12)*1.07,0))) -> 1276 | L6: =IF(((G6*$A$1)*15)<$C$1,"-",IF(ROUNDUP((((G6*100/107)*(1+($A$1*15)))/15)*1.07,0)<$B$1,"-",ROUNDUP(((((G6*100/107)+$D6)*(1+($A$1*15)))/15)*1.07,0))) -> 1052 | M6: =IF(((G6*$A$1)*18)<$C$1,"-",IF(ROUNDUP((((G6*100/107)*(1+($A$1*18)))/18)*1.07,0)<$B$1,"-",ROUNDUP(((((G6*100/107)+$D6)*(1+($A$1*18)))/18)*1.07,0))) -> 902 | N6: =IF(((G6*$A$1)*24)<$C$1,"-",IF(ROUNDUP((((G6*100/107)*(1+($A$1*24)))/24)*1.07,0)<$B$1,"-",ROUNDUP(((((G6*100/107)+$D6)*(1+($A$1*24)))/24)*1.07,0))) -> 716 | O6: =ROUNDUP($B6*20%,0) -> 2800 | P6: =$B6-O6 -> 11199 | Q6: =P6+$D6 -> 12649 | R6: =IF(((P6*$A$1)*6)<$C$1,"-",IF(ROUNDUP((((P6*100/107)*(1+($A$1*6)))/6)*1.07,0)<$B$1,"-",ROUNDUP(((((P6*100/107)+$D6)*(1+($A$1*6)))/6)*1.07,0))) -> 2272 | S6: =IF(((P6*$A$1)*9)<$C$1,"-",IF(ROUNDUP((((P6*100/107)*(1+($A$1*9)))/9)*1.07,0)<$B$1,"-",ROUNDUP(((((P6*100/107)+$D6)*(1+($A$1*9)))/9)*1.07,0))) -> 1564 | T6: =IF(((P6*$A$1)*12)<$C$1,"-",IF(ROUNDUP((((P6*100/107)*(1+($A$1*12)))/12)*1.07,0)<$B$1,"-",ROUNDUP(((((P6*100/107)+$D6)*(1+($A$1*12)))/12)*1.07,0))) -> 1210 | U6: =IF(((P6*$A$1)*15)<$C$1,"-",IF(ROUNDUP((((P6*100/107)*(1+($A$1*15)))/15)*1.07,0)<$B$1,"-",ROUNDUP(((((P6*100/107)+$D6)*(1+($A$1*15)))/15)*1.07,0))) -> 997 | V6: =IF(((P6*$A$1)*18)<$C$1,"-",IF(ROUNDUP((((P6*100/107)*(1+($A$1*18)))/18)*1.07,0)<$B$1,"-",ROUNDUP(((((P6*100/107)+$D6)*(1+($A$1*18)))/18)*1.07,0))) -> 855 | W6: =IF(((P6*$A$1)*24)<$C$1,"-",IF(ROUNDUP((((P6*100/107)*(1+($A$1*24)))/24)*1.07,0)<$B$1,"-",ROUNDUP(((((P6*100/107)+$D6)*(1+($A$1*24)))/24)*1.07,0))) -> 678 | X6: =ROUNDUP($B6*25%,0) -> 3500 | Y6: =$B6-X6 -> 10499 | Z6: =Y6+$D6 -> 11949 | AA6: =IF(((Y6*$A$1)*6)<$C$1,"-",IF(ROUNDUP((((Y6*100/107)*(1+($A$1*6)))/6)*1.07,0)<$B$1,"-",ROUNDUP(((((Y6*100/107)+$D6)*(1+($A$1*6)))/6)*1.07,0))) -> 2147 | AB6: =IF(((Y6*$A$1)*9)<$C$1,"-",IF(ROUNDUP((((Y6*100/107)*(1+($A$1*9)))/9)*1.07,0)<$B$1,"-",ROUNDUP(((((Y6*100/107)+$D6)*(1+($A$1*9)))/9)*1.07,0))) -> 1478 | AC6: =IF(((Y6*$A$1)*12)<$C$1,"-",IF(ROUNDUP((((Y6*100/107)*(1+($A$1*12)))/12)*1.07,0)<$B$1,"-",ROUNDUP(((((Y6*100/107)+$D6)*(1+($A$1*12)))/12)*1.07,0))) -> 1143 | AD6: =IF(((Y6*$A$1)*15)<$C$1,"-",IF(ROUNDUP((((Y6*100/107)*(1+($A$1*15)))/15)*1.07,0)<$B$1,"-",ROUNDUP(((((Y6*100/107)+$D6)*(1+($A$1*15)))/15)*1.07,0))) -> 942 | AE6: =IF(((Y6*$A$1)*18)<$C$1,"-",IF(ROUNDUP((((Y6*100/107)*(1+($A$1*18)))/18)*1.07,0)<$B$1,"-",ROUNDUP(((((Y6*100/107)+$D6)*(1+($A$1*18)))/18)*1.07,0))) -> 809 | AF6: =IF(((Y6*$A$1)*24)<$C$1,"-",IF(ROUNDUP((((Y6*100/107)*(1+($A$1*24)))/24)*1.07,0)<$B$1,"-",ROUNDUP(((((Y6*100/107)+$D6)*(1+($A$1*24)))/24)*1.07,0))) -> 641 | AG6: =ROUNDUP($B6*35%,0) -> 4900 | AH6: =$B6-AG6 -> 9099 | AI6: =AH6+$D6 -> 10549 | AJ6: =IF(((AH6*$A$1)*6)<$C$1,"-",IF(ROUNDUP((((AH6*100/107)*(1+($A$1*6)))/6)*1.07,0)<$B$1,"-",ROUNDUP(((((AH6*100/107)+$D6)*(1+($A$1*6)))/6)*1.07,0))) -> 1898 | AK6: =IF(((AH6*$A$1)*9)<$C$1,"-",IF(ROUNDUP((((AH6*100/107)*(1+($A$1*9)))/9)*1.07,0)<$B$1,"-",ROUNDUP(((((AH6*100/107)+$D6)*(1+($A$1*9)))/9)*1.07,0))) -> 1306 | AL6: =IF(((AH6*$A$1)*12)<$C$1,"-",IF(ROUNDUP((((AH6*100/107)*(1+($A$1*12)))/12)*1.07,0)<$B$1,"-",ROUNDUP(((((AH6*100/107)+$D6)*(1+($A$1*12)))/12)*1.07,0))) -> 1011 | AM6: =IF(((AH6*$A$1)*15)<$C$1,"-",IF(ROUNDUP((((AH6*100/107)*(1+($A$1*15)))/15)*1.07,0)<$B$1,"-",ROUNDUP(((((AH6*100/107)+$D6)*(1+($A$1*15)))/15)*1.07,0))) -> 833 | AN6: =IF(((AH6*$A$1)*18)<$C$1,"-",IF(ROUNDUP((((AH6*100/107)*(1+($A$1*18)))/18)*1.07,0)<$B$1,"-",ROUNDUP(((((AH6*100/107)+$D6)*(1+($A$1*18)))/18)*1.07,0))) -> 715 | AO6: =IF(((AH6*$A$1)*24)<$C$1,"-",IF(ROUNDUP((((AH6*100/107)*(1+($A$1*24)))/24)*1.07,0)<$B$1,"-",ROUNDUP(((((AH6*100/107)+$D6)*(1+($A$1*24)))/24)*1.07,0))) -> 567 | AP6: =ROUNDUP($B6*40%,0) -> 5600 | AQ6: =$B6-AP6 -> 8399 | AR6: =AQ6+$D6 -> 9849 | AS6: =IF(((AQ6*$A$1)*6)<$C$1,"-",IF(ROUNDUP((((AQ6*100/107)*(1+($A$1*6)))/6)*1.07,0)<$B$1,"-",ROUNDUP(((((AQ6*100/107)+$D6)*(1+($A$1*6)))/6)*1.07,0))) -> 1773 | AT6: =IF(((AQ6*$A$1)*9)<$C$1,"-",IF(ROUNDUP((((AQ6*100/107)*(1+($A$1*9)))/9)*1.07,0)<$B$1,"-",ROUNDUP(((((AQ6*100/107)+$D6)*(1+($A$1*9)))/9)*1.07,0))) -> 1221 | AU6: =IF(((AQ6*$A$1)*12)<$C$1,"-",IF(ROUNDUP((((AQ6*100/107)*(1+($A$1*12)))/12)*1.07,0)<$B$1,"-",ROUNDUP(((((AQ6*100/107)+$D6)*(1+($A$1*12)))/12)*1.07,0))) -> 944 | AV6: =IF(((AQ6*$A$1)*15)<$C$1,"-",IF(ROUNDUP((((AQ6*100/107)*(1+($A$1*15)))/15)*1.07,0)<$B$1,"-",ROUNDUP(((((AQ6*100/107)+$D6)*(1+($A$1*15)))/15)*1.07,0))) -> 778 | AW6: =IF(((AQ6*$A$1)*18)<$C$1,"-",IF(ROUNDUP((((AQ6*100/107)*(1+($A$1*18)))/18)*1.07,0)<$B$1,"-",ROUNDUP(((((AQ6*100/107)+$D6)*(1+($A$1*18)))/18)*1.07,0))) -> 668 | AX6: =IF(((AQ6*$A$1)*24)<$C$1,"-",IF(ROUNDUP((((AQ6*100/107)*(1+($A$1*24)))/24)*1.07,0)<$B$1,"-",ROUNDUP(((((AQ6*100/107)+$D6)*(1+($A$1*24)))/24)*1.07,0))) -> 530
A7: {=IFERROR(INDEX('Product Price'!A:A,SMALL('Product Price'!$D:$D,5)),"")} -> HONOR 600 5G 12/256 GB | B7: {=IFERROR(INDEX('Product Price'!B:B,SMALL('Product Price'!$D:$D,5)),"")} -> 19999 | C7: {=IFERROR(INDEX('Product Price'!C:C,SMALL('Product Price'!$D:$D,5)),"")} -> 4 | D7: =IF(AND(B7>=3900,B7<=10000),795,IF(AND(B7>=10001,B7<=20000),1450,IF(AND(B7>=20001,B7<=40000),1900,IF(AND(B7>=40001,B7<=60000),2475,IF(AND(B7>=60001,B7<=80000),4025,IF(AND(B7>=80001,B7<=100000),5175,IF(AND(B7>=100001,B7<=120000),6785,""))))))) -> 1450 | E7: =IFERROR(B7+D7,"") -> 21449 | F7: =IFERROR(ROUNDUP($B7*15%,0),"") -> 3000 | G7: =$B7-F7 -> 16999 | H7: =$G7+D7 -> 18449 | I7: =IF(((G7*$A$1)*6)<$C$1,"-",IF(ROUNDUP((((G7*100/107)*(1+($A$1*6)))/6)*1.07,0)<$B$1,"-",ROUNDUP(((((G7*100/107)+$D7)*(1+($A$1*6)))/6)*1.07,0))) -> 3306 | J7: =IF(((G7*$A$1)*9)<$C$1,"-",IF(ROUNDUP((((G7*100/107)*(1+($A$1*9)))/9)*1.07,0)<$B$1,"-",ROUNDUP(((((G7*100/107)+$D7)*(1+($A$1*9)))/9)*1.07,0))) -> 2275 | K7: =IF(((G7*$A$1)*12)<$C$1,"-",IF(ROUNDUP((((G7*100/107)*(1+($A$1*12)))/12)*1.07,0)<$B$1,"-",ROUNDUP(((((G7*100/107)+$D7)*(1+($A$1*12)))/12)*1.07,0))) -> 1760 | L7: =IF(((G7*$A$1)*15)<$C$1,"-",IF(ROUNDUP((((G7*100/107)*(1+($A$1*15)))/15)*1.07,0)<$B$1,"-",ROUNDUP(((((G7*100/107)+$D7)*(1+($A$1*15)))/15)*1.07,0))) -> 1451 | M7: =IF(((G7*$A$1)*18)<$C$1,"-",IF(ROUNDUP((((G7*100/107)*(1+($A$1*18)))/18)*1.07,0)<$B$1,"-",ROUNDUP(((((G7*100/107)+$D7)*(1+($A$1*18)))/18)*1.07,0))) -> 1244 | N7: =IF(((G7*$A$1)*24)<$C$1,"-",IF(ROUNDUP((((G7*100/107)*(1+($A$1*24)))/24)*1.07,0)<$B$1,"-",ROUNDUP(((((G7*100/107)+$D7)*(1+($A$1*24)))/24)*1.07,0))) -> 987 | O7: =ROUNDUP($B7*20%,0) -> 4000 | P7: =$B7-O7 -> 15999 | Q7: =P7+$D7 -> 17449 | R7: =IF(((P7*$A$1)*6)<$C$1,"-",IF(ROUNDUP((((P7*100/107)*(1+($A$1*6)))/6)*1.07,0)<$B$1,"-",ROUNDUP(((((P7*100/107)+$D7)*(1+($A$1*6)))/6)*1.07,0))) -> 3127 | S7: =IF(((P7*$A$1)*9)<$C$1,"-",IF(ROUNDUP((((P7*100/107)*(1+($A$1*9)))/9)*1.07,0)<$B$1,"-",ROUNDUP(((((P7*100/107)+$D7)*(1+($A$1*9)))/9)*1.07,0))) -> 2152 | T7: =IF(((P7*$A$1)*12)<$C$1,"-",IF(ROUNDUP((((P7*100/107)*(1+($A$1*12)))/12)*1.07,0)<$B$1,"-",ROUNDUP(((((P7*100/107)+$D7)*(1+($A$1*12)))/12)*1.07,0))) -> 1665 | U7: =IF(((P7*$A$1)*15)<$C$1,"-",IF(ROUNDUP((((P7*100/107)*(1+($A$1*15)))/15)*1.07,0)<$B$1,"-",ROUNDUP(((((P7*100/107)+$D7)*(1+($A$1*15)))/15)*1.07,0))) -> 1372 | V7: =IF(((P7*$A$1)*18)<$C$1,"-",IF(ROUNDUP((((P7*100/107)*(1+($A$1*18)))/18)*1.07,0)<$B$1,"-",ROUNDUP(((((P7*100/107)+$D7)*(1+($A$1*18)))/18)*1.07,0))) -> 1177 | W7: =IF(((P7*$A$1)*24)<$C$1,"-",IF(ROUNDUP((((P7*100/107)*(1+($A$1*24)))/24)*1.07,0)<$B$1,"-",ROUNDUP(((((P7*100/107)+$D7)*(1+($A$1*24)))/24)*1.07,0))) -> 934 | X7: =ROUNDUP($B7*25%,0) -> 5000 | Y7: =$B7-X7 -> 14999 | Z7: =Y7+$D7 -> 16449 | AA7: =IF(((Y7*$A$1)*6)<$C$1,"-",IF(ROUNDUP((((Y7*100/107)*(1+($A$1*6)))/6)*1.07,0)<$B$1,"-",ROUNDUP(((((Y7*100/107)+$D7)*(1+($A$1*6)))/6)*1.07,0))) -> 2949 | AB7: =IF(((Y7*$A$1)*9)<$C$1,"-",IF(ROUNDUP((((Y7*100/107)*(1+($A$1*9)))/9)*1.07,0)<$B$1,"-",ROUNDUP(((((Y7*100/107)+$D7)*(1+($A$1*9)))/9)*1.07,0))) -> 2030 | AC7: =IF(((Y7*$A$1)*12)<$C$1,"-",IF(ROUNDUP((((Y7*100/107)*(1+($A$1*12)))/12)*1.07,0)<$B$1,"-",ROUNDUP(((((Y7*100/107)+$D7)*(1+($A$1*12)))/12)*1.07,0))) -> 1570 | AD7: =IF(((Y7*$A$1)*15)<$C$1,"-",IF(ROUNDUP((((Y7*100/107)*(1+($A$1*15)))/15)*1.07,0)<$B$1,"-",ROUNDUP(((((Y7*100/107)+$D7)*(1+($A$1*15)))/15)*1.07,0))) -> 1294 | AE7: =IF(((Y7*$A$1)*18)<$C$1,"-",IF(ROUNDUP((((Y7*100/107)*(1+($A$1*18)))/18)*1.07,0)<$B$1,"-",ROUNDUP(((((Y7*100/107)+$D7)*(1+($A$1*18)))/18)*1.07,0))) -> 1110 | AF7: =IF(((Y7*$A$1)*24)<$C$1,"-",IF(ROUNDUP((((Y7*100/107)*(1+($A$1*24)))/24)*1.07,0)<$B$1,"-",ROUNDUP(((((Y7*100/107)+$D7)*(1+($A$1*24)))/24)*1.07,0))) -> 880 | AG7: =ROUNDUP($B7*35%,0) -> 7000 | AH7: =$B7-AG7 -> 12999 | AI7: =AH7+$D7 -> 14449 | AJ7: =IF(((AH7*$A$1)*6)<$C$1,"-",IF(ROUNDUP((((AH7*100/107)*(1+($A$1*6)))/6)*1.07,0)<$B$1,"-",ROUNDUP(((((AH7*100/107)+$D7)*(1+($A$1*6)))/6)*1.07,0))) -> 2593 | AK7: =IF(((AH7*$A$1)*9)<$C$1,"-",IF(ROUNDUP((((AH7*100/107)*(1+($A$1*9)))/9)*1.07,0)<$B$1,"-",ROUNDUP(((((AH7*100/107)+$D7)*(1+($A$1*9)))/9)*1.07,0))) -> 1785 | AL7: =IF(((AH7*$A$1)*12)<$C$1,"-",IF(ROUNDUP((((AH7*100/107)*(1+($A$1*12)))/12)*1.07,0)<$B$1,"-",ROUNDUP(((((AH7*100/107)+$D7)*(1+($A$1*12)))/12)*1.07,0))) -> 1380 | AM7: =IF(((AH7*$A$1)*15)<$C$1,"-",IF(ROUNDUP((((AH7*100/107)*(1+($A$1*15)))/15)*1.07,0)<$B$1,"-",ROUNDUP(((((AH7*100/107)+$D7)*(1+($A$1*15)))/15)*1.07,0))) -> 1138 | AN7: =IF(((AH7*$A$1)*18)<$C$1,"-",IF(ROUNDUP((((AH7*100/107)*(1+($A$1*18)))/18)*1.07,0)<$B$1,"-",ROUNDUP(((((AH7*100/107)+$D7)*(1+($A$1*18)))/18)*1.07,0))) -> 976 | AO7: =IF(((AH7*$A$1)*24)<$C$1,"-",IF(ROUNDUP((((AH7*100/107)*(1+($A$1*24)))/24)*1.07,0)<$B$1,"-",ROUNDUP(((((AH7*100/107)+$D7)*(1+($A$1*24)))/24)*1.07,0))) -> 774 | AP7: =ROUNDUP($B7*40%,0) -> 8000 | AQ7: =$B7-AP7 -> 11999 | AR7: =AQ7+$D7 -> 13449 | AS7: =IF(((AQ7*$A$1)*6)<$C$1,"-",IF(ROUNDUP((((AQ7*100/107)*(1+($A$1*6)))/6)*1.07,0)<$B$1,"-",ROUNDUP(((((AQ7*100/107)+$D7)*(1+($A$1*6)))/6)*1.07,0))) -> 2415 | AT7: =IF(((AQ7*$A$1)*9)<$C$1,"-",IF(ROUNDUP((((AQ7*100/107)*(1+($A$1*9)))/9)*1.07,0)<$B$1,"-",ROUNDUP(((((AQ7*100/107)+$D7)*(1+($A$1*9)))/9)*1.07,0))) -> 1662 | AU7: =IF(((AQ7*$A$1)*12)<$C$1,"-",IF(ROUNDUP((((AQ7*100/107)*(1+($A$1*12)))/12)*1.07,0)<$B$1,"-",ROUNDUP(((((AQ7*100/107)+$D7)*(1+($A$1*12)))/12)*1.07,0))) -> 1286 | AV7: =IF(((AQ7*$A$1)*15)<$C$1,"-",IF(ROUNDUP((((AQ7*100/107)*(1+($A$1*15)))/15)*1.07,0)<$B$1,"-",ROUNDUP(((((AQ7*100/107)+$D7)*(1+($A$1*15)))/15)*1.07,0))) -> 1060 | AW7: =IF(((AQ7*$A$1)*18)<$C$1,"-",IF(ROUNDUP((((AQ7*100/107)*(1+($A$1*18)))/18)*1.07,0)<$B$1,"-",ROUNDUP(((((AQ7*100/107)+$D7)*(1+($A$1*18)))/18)*1.07,0))) -> 909 | AX7: =IF(((AQ7*$A$1)*24)<$C$1,"-",IF(ROUNDUP((((AQ7*100/107)*(1+($A$1*24)))/24)*1.07,0)<$B$1,"-",ROUNDUP(((((AQ7*100/107)+$D7)*(1+($A$1*24)))/24)*1.07,0))) -> 721
A8: {=IFERROR(INDEX('Product Price'!A:A,SMALL('Product Price'!$D:$D,6)),"")} -> HONOR 600 Pro 5G 12/512 GB | B8: {=IFERROR(INDEX('Product Price'!B:B,SMALL('Product Price'!$D:$D,6)),"")} -> 29999 | C8: {=IFERROR(INDEX('Product Price'!C:C,SMALL('Product Price'!$D:$D,6)),"")} -> 5 | D8: =IF(AND(B8>=3900,B8<=10000),795,IF(AND(B8>=10001,B8<=20000),1450,IF(AND(B8>=20001,B8<=40000),1900,IF(AND(B8>=40001,B8<=60000),2475,IF(AND(B8>=60001,B8<=80000),4025,IF(AND(B8>=80001,B8<=100000),5175,IF(AND(B8>=100001,B8<=120000),6785,""))))))) -> 1900 | E8: =IFERROR(B8+D8,"") -> 31899 | F8: =IFERROR(ROUNDUP($B8*15%,0),"") -> 4500 | G8: =$B8-F8 -> 25499 | H8: =$G8+D8 -> 27399 | I8: =IF(((G8*$A$1)*6)<$C$1,"-",IF(ROUNDUP((((G8*100/107)*(1+($A$1*6)))/6)*1.07,0)<$B$1,"-",ROUNDUP(((((G8*100/107)+$D8)*(1+($A$1*6)))/6)*1.07,0))) -> 4906 | J8: =IF(((G8*$A$1)*9)<$C$1,"-",IF(ROUNDUP((((G8*100/107)*(1+($A$1*9)))/9)*1.07,0)<$B$1,"-",ROUNDUP(((((G8*100/107)+$D8)*(1+($A$1*9)))/9)*1.07,0))) -> 3376 | K8: =IF(((G8*$A$1)*12)<$C$1,"-",IF(ROUNDUP((((G8*100/107)*(1+($A$1*12)))/12)*1.07,0)<$B$1,"-",ROUNDUP(((((G8*100/107)+$D8)*(1+($A$1*12)))/12)*1.07,0))) -> 2611 | L8: =IF(((G8*$A$1)*15)<$C$1,"-",IF(ROUNDUP((((G8*100/107)*(1+($A$1*15)))/15)*1.07,0)<$B$1,"-",ROUNDUP(((((G8*100/107)+$D8)*(1+($A$1*15)))/15)*1.07,0))) -> 2153 | M8: =IF(((G8*$A$1)*18)<$C$1,"-",IF(ROUNDUP((((G8*100/107)*(1+($A$1*18)))/18)*1.07,0)<$B$1,"-",ROUNDUP(((((G8*100/107)+$D8)*(1+($A$1*18)))/18)*1.07,0))) -> 1847 | N8: =IF(((G8*$A$1)*24)<$C$1,"-",IF(ROUNDUP((((G8*100/107)*(1+($A$1*24)))/24)*1.07,0)<$B$1,"-",ROUNDUP(((((G8*100/107)+$D8)*(1+($A$1*24)))/24)*1.07,0))) -> 1464 | O8: =ROUNDUP($B8*20%,0) -> 6000 | P8: =$B8-O8 -> 23999 | Q8: =P8+$D8 -> 25899 | R8: =IF(((P8*$A$1)*6)<$C$1,"-",IF(ROUNDUP((((P8*100/107)*(1+($A$1*6)))/6)*1.07,0)<$B$1,"-",ROUNDUP(((((P8*100/107)+$D8)*(1+($A$1*6)))/6)*1.07,0))) -> 4639 | S8: =IF(((P8*$A$1)*9)<$C$1,"-",IF(ROUNDUP((((P8*100/107)*(1+($A$1*9)))/9)*1.07,0)<$B$1,"-",ROUNDUP(((((P8*100/107)+$D8)*(1+($A$1*9)))/9)*1.07,0))) -> 3192 | T8: =IF(((P8*$A$1)*12)<$C$1,"-",IF(ROUNDUP((((P8*100/107)*(1+($A$1*12)))/12)*1.07,0)<$B$1,"-",ROUNDUP(((((P8*100/107)+$D8)*(1+($A$1*12)))/12)*1.07,0))) -> 2469 | U8: =IF(((P8*$A$1)*15)<$C$1,"-",IF(ROUNDUP((((P8*100/107)*(1+($A$1*15)))/15)*1.07,0)<$B$1,"-",ROUNDUP(((((P8*100/107)+$D8)*(1+($A$1*15)))/15)*1.07,0))) -> 2035 | V8: =IF(((P8*$A$1)*18)<$C$1,"-",IF(ROUNDUP((((P8*100/107)*(1+($A$1*18)))/18)*1.07,0)<$B$1,"-",ROUNDUP(((((P8*100/107)+$D8)*(1+($A$1*18)))/18)*1.07,0))) -> 1746 | W8: =IF(((P8*$A$1)*24)<$C$1,"-",IF(ROUNDUP((((P8*100/107)*(1+($A$1*24)))/24)*1.07,0)<$B$1,"-",ROUNDUP(((((P8*100/107)+$D8)*(1+($A$1*24)))/24)*1.07,0))) -> 1385 | X8: =ROUNDUP($B8*25%,0) -> 7500 | Y8: =$B8-X8 -> 22499 | Z8: =Y8+$D8 -> 24399 | AA8: =IF(((Y8*$A$1)*6)<$C$1,"-",IF(ROUNDUP((((Y8*100/107)*(1+($A$1*6)))/6)*1.07,0)<$B$1,"-",ROUNDUP(((((Y8*100/107)+$D8)*(1+($A$1*6)))/6)*1.07,0))) -> 4371 | AB8: =IF(((Y8*$A$1)*9)<$C$1,"-",IF(ROUNDUP((((Y8*100/107)*(1+($A$1*9)))/9)*1.07,0)<$B$1,"-",ROUNDUP(((((Y8*100/107)+$D8)*(1+($A$1*9)))/9)*1.07,0))) -> 3008 | AC8: =IF(((Y8*$A$1)*12)<$C$1,"-",IF(ROUNDUP((((Y8*100/107)*(1+($A$1*12)))/12)*1.07,0)<$B$1,"-",ROUNDUP(((((Y8*100/107)+$D8)*(1+($A$1*12)))/12)*1.07,0))) -> 2327 | AD8: =IF(((Y8*$A$1)*15)<$C$1,"-",IF(ROUNDUP((((Y8*100/107)*(1+($A$1*15)))/15)*1.07,0)<$B$1,"-",ROUNDUP(((((Y8*100/107)+$D8)*(1+($A$1*15)))/15)*1.07,0))) -> 1918 | AE8: =IF(((Y8*$A$1)*18)<$C$1,"-",IF(ROUNDUP((((Y8*100/107)*(1+($A$1*18)))/18)*1.07,0)<$B$1,"-",ROUNDUP(((((Y8*100/107)+$D8)*(1+($A$1*18)))/18)*1.07,0))) -> 1646 | AF8: =IF(((Y8*$A$1)*24)<$C$1,"-",IF(ROUNDUP((((Y8*100/107)*(1+($A$1*24)))/24)*1.07,0)<$B$1,"-",ROUNDUP(((((Y8*100/107)+$D8)*(1+($A$1*24)))/24)*1.07,0))) -> 1305 | AG8: =ROUNDUP($B8*35%,0) -> 10500 | AH8: =$B8-AG8 -> 19499 | AI8: =AH8+$D8 -> 21399 | AJ8: =IF(((AH8*$A$1)*6)<$C$1,"-",IF(ROUNDUP((((AH8*100/107)*(1+($A$1*6)))/6)*1.07,0)<$B$1,"-",ROUNDUP(((((AH8*100/107)+$D8)*(1+($A$1*6)))/6)*1.07,0))) -> 3837 | AK8: =IF(((AH8*$A$1)*9)<$C$1,"-",IF(ROUNDUP((((AH8*100/107)*(1+($A$1*9)))/9)*1.07,0)<$B$1,"-",ROUNDUP(((((AH8*100/107)+$D8)*(1+($A$1*9)))/9)*1.07,0))) -> 2641 | AL8: =IF(((AH8*$A$1)*12)<$C$1,"-",IF(ROUNDUP((((AH8*100/107)*(1+($A$1*12)))/12)*1.07,0)<$B$1,"-",ROUNDUP(((((AH8*100/107)+$D8)*(1+($A$1*12)))/12)*1.07,0))) -> 2042 | AM8: =IF(((AH8*$A$1)*15)<$C$1,"-",IF(ROUNDUP((((AH8*100/107)*(1+($A$1*15)))/15)*1.07,0)<$B$1,"-",ROUNDUP(((((AH8*100/107)+$D8)*(1+($A$1*15)))/15)*1.07,0))) -> 1684 | AN8: =IF(((AH8*$A$1)*18)<$C$1,"-",IF(ROUNDUP((((AH8*100/107)*(1+($A$1*18)))/18)*1.07,0)<$B$1,"-",ROUNDUP(((((AH8*100/107)+$D8)*(1+($A$1*18)))/18)*1.07,0))) -> 1444 | AO8: =IF(((AH8*$A$1)*24)<$C$1,"-",IF(ROUNDUP((((AH8*100/107)*(1+($A$1*24)))/24)*1.07,0)<$B$1,"-",ROUNDUP(((((AH8*100/107)+$D8)*(1+($A$1*24)))/24)*1.07,0))) -> 1145 | AP8: =ROUNDUP($B8*40%,0) -> 12000 | AQ8: =$B8-AP8 -> 17999 | AR8: =AQ8+$D8 -> 19899 | AS8: =IF(((AQ8*$A$1)*6)<$C$1,"-",IF(ROUNDUP((((AQ8*100/107)*(1+($A$1*6)))/6)*1.07,0)<$B$1,"-",ROUNDUP(((((AQ8*100/107)+$D8)*(1+($A$1*6)))/6)*1.07,0))) -> 3570 | AT8: =IF(((AQ8*$A$1)*9)<$C$1,"-",IF(ROUNDUP((((AQ8*100/107)*(1+($A$1*9)))/9)*1.07,0)<$B$1,"-",ROUNDUP(((((AQ8*100/107)+$D8)*(1+($A$1*9)))/9)*1.07,0))) -> 2457 | AU8: =IF(((AQ8*$A$1)*12)<$C$1,"-",IF(ROUNDUP((((AQ8*100/107)*(1+($A$1*12)))/12)*1.07,0)<$B$1,"-",ROUNDUP(((((AQ8*100/107)+$D8)*(1+($A$1*12)))/12)*1.07,0))) -> 1900 | AV8: =IF(((AQ8*$A$1)*15)<$C$1,"-",IF(ROUNDUP((((AQ8*100/107)*(1+($A$1*15)))/15)*1.07,0)<$B$1,"-",ROUNDUP(((((AQ8*100/107)+$D8)*(1+($A$1*15)))/15)*1.07,0))) -> 1566 | AW8: =IF(((AQ8*$A$1)*18)<$C$1,"-",IF(ROUNDUP((((AQ8*100/107)*(1+($A$1*18)))/18)*1.07,0)<$B$1,"-",ROUNDUP(((((AQ8*100/107)+$D8)*(1+($A$1*18)))/18)*1.07,0))) -> 1344 | AX8: =IF(((AQ8*$A$1)*24)<$C$1,"-",IF(ROUNDUP((((AQ8*100/107)*(1+($A$1*24)))/24)*1.07,0)<$B$1,"-",ROUNDUP(((((AQ8*100/107)+$D8)*(1+($A$1*24)))/24)*1.07,0))) -> 1066
A9: {=IFERROR(INDEX('Product Price'!A:A,SMALL('Product Price'!$D:$D,7)),"")} -> HONOR X7e 6/256 GB | B9: {=IFERROR(INDEX('Product Price'!B:B,SMALL('Product Price'!$D:$D,7)),"")} -> 8999 | C9: {=IFERROR(INDEX('Product Price'!C:C,SMALL('Product Price'!$D:$D,7)),"")} -> 159 | D9: =IF(AND(B9>=3900,B9<=10000),795,IF(AND(B9>=10001,B9<=20000),1450,IF(AND(B9>=20001,B9<=40000),1900,IF(AND(B9>=40001,B9<=60000),2475,IF(AND(B9>=60001,B9<=80000),4025,IF(AND(B9>=80001,B9<=100000),5175,IF(AND(B9>=100001,B9<=120000),6785,""))))))) -> 795 | E9: =IFERROR(B9+D9,"") -> 9794 | F9: =IFERROR(ROUNDUP($B9*15%,0),"") -> 1350 | G9: =$B9-F9 -> 7649 | H9: =$G9+D9 -> 8444 | I9: =IF(((G9*$A$1)*6)<$C$1,"-",IF(ROUNDUP((((G9*100/107)*(1+($A$1*6)))/6)*1.07,0)<$B$1,"-",ROUNDUP(((((G9*100/107)+$D9)*(1+($A$1*6)))/6)*1.07,0))) -> 1515 | J9: =IF(((G9*$A$1)*9)<$C$1,"-",IF(ROUNDUP((((G9*100/107)*(1+($A$1*9)))/9)*1.07,0)<$B$1,"-",ROUNDUP(((((G9*100/107)+$D9)*(1+($A$1*9)))/9)*1.07,0))) -> 1043 | K9: =IF(((G9*$A$1)*12)<$C$1,"-",IF(ROUNDUP((((G9*100/107)*(1+($A$1*12)))/12)*1.07,0)<$B$1,"-",ROUNDUP(((((G9*100/107)+$D9)*(1+($A$1*12)))/12)*1.07,0))) -> 807 | L9: =IF(((G9*$A$1)*15)<$C$1,"-",IF(ROUNDUP((((G9*100/107)*(1+($A$1*15)))/15)*1.07,0)<$B$1,"-",ROUNDUP(((((G9*100/107)+$D9)*(1+($A$1*15)))/15)*1.07,0))) -> 665 | M9: =IF(((G9*$A$1)*18)<$C$1,"-",IF(ROUNDUP((((G9*100/107)*(1+($A$1*18)))/18)*1.07,0)<$B$1,"-",ROUNDUP(((((G9*100/107)+$D9)*(1+($A$1*18)))/18)*1.07,0))) -> 570 | N9: =IF(((G9*$A$1)*24)<$C$1,"-",IF(ROUNDUP((((G9*100/107)*(1+($A$1*24)))/24)*1.07,0)<$B$1,"-",ROUNDUP(((((G9*100/107)+$D9)*(1+($A$1*24)))/24)*1.07,0))) -> 452 | O9: =ROUNDUP($B9*20%,0) -> 1800 | P9: =$B9-O9 -> 7199 | Q9: =P9+$D9 -> 7994 | R9: =IF(((P9*$A$1)*6)<$C$1,"-",IF(ROUNDUP((((P9*100/107)*(1+($A$1*6)))/6)*1.07,0)<$B$1,"-",ROUNDUP(((((P9*100/107)+$D9)*(1+($A$1*6)))/6)*1.07,0))) -> 1435 | S9: =IF(((P9*$A$1)*9)<$C$1,"-",IF(ROUNDUP((((P9*100/107)*(1+($A$1*9)))/9)*1.07,0)<$B$1,"-",ROUNDUP(((((P9*100/107)+$D9)*(1+($A$1*9)))/9)*1.07,0))) -> 987 | T9: =IF(((P9*$A$1)*12)<$C$1,"-",IF(ROUNDUP((((P9*100/107)*(1+($A$1*12)))/12)*1.07,0)<$B$1,"-",ROUNDUP(((((P9*100/107)+$D9)*(1+($A$1*12)))/12)*1.07,0))) -> 764 | U9: =IF(((P9*$A$1)*15)<$C$1,"-",IF(ROUNDUP((((P9*100/107)*(1+($A$1*15)))/15)*1.07,0)<$B$1,"-",ROUNDUP(((((P9*100/107)+$D9)*(1+($A$1*15)))/15)*1.07,0))) -> 630 | V9: =IF(((P9*$A$1)*18)<$C$1,"-",IF(ROUNDUP((((P9*100/107)*(1+($A$1*18)))/18)*1.07,0)<$B$1,"-",ROUNDUP(((((P9*100/107)+$D9)*(1+($A$1*18)))/18)*1.07,0))) -> 540 | W9: =IF(((P9*$A$1)*24)<$C$1,"-",IF(ROUNDUP((((P9*100/107)*(1+($A$1*24)))/24)*1.07,0)<$B$1,"-",ROUNDUP(((((P9*100/107)+$D9)*(1+($A$1*24)))/24)*1.07,0))) -> - | X9: =ROUNDUP($B9*25%,0) -> 2250 | Y9: =$B9-X9 -> 6749 | Z9: =Y9+$D9 -> 7544 | AA9: =IF(((Y9*$A$1)*6)<$C$1,"-",IF(ROUNDUP((((Y9*100/107)*(1+($A$1*6)))/6)*1.07,0)<$B$1,"-",ROUNDUP(((((Y9*100/107)+$D9)*(1+($A$1*6)))/6)*1.07,0))) -> 1355 | AB9: =IF(((Y9*$A$1)*9)<$C$1,"-",IF(ROUNDUP((((Y9*100/107)*(1+($A$1*9)))/9)*1.07,0)<$B$1,"-",ROUNDUP(((((Y9*100/107)+$D9)*(1+($A$1*9)))/9)*1.07,0))) -> 932 | AC9: =IF(((Y9*$A$1)*12)<$C$1,"-",IF(ROUNDUP((((Y9*100/107)*(1+($A$1*12)))/12)*1.07,0)<$B$1,"-",ROUNDUP(((((Y9*100/107)+$D9)*(1+($A$1*12)))/12)*1.07,0))) -> 721 | AD9: =IF(((Y9*$A$1)*15)<$C$1,"-",IF(ROUNDUP((((Y9*100/107)*(1+($A$1*15)))/15)*1.07,0)<$B$1,"-",ROUNDUP(((((Y9*100/107)+$D9)*(1+($A$1*15)))/15)*1.07,0))) -> 595 | AE9: =IF(((Y9*$A$1)*18)<$C$1,"-",IF(ROUNDUP((((Y9*100/107)*(1+($A$1*18)))/18)*1.07,0)<$B$1,"-",ROUNDUP(((((Y9*100/107)+$D9)*(1+($A$1*18)))/18)*1.07,0))) -> 510 | AF9: =IF(((Y9*$A$1)*24)<$C$1,"-",IF(ROUNDUP((((Y9*100/107)*(1+($A$1*24)))/24)*1.07,0)<$B$1,"-",ROUNDUP(((((Y9*100/107)+$D9)*(1+($A$1*24)))/24)*1.07,0))) -> - | AG9: =ROUNDUP($B9*35%,0) -> 3150 | AH9: =$B9-AG9 -> 5849 | AI9: =AH9+$D9 -> 6644 | AJ9: =IF(((AH9*$A$1)*6)<$C$1,"-",IF(ROUNDUP((((AH9*100/107)*(1+($A$1*6)))/6)*1.07,0)<$B$1,"-",ROUNDUP(((((AH9*100/107)+$D9)*(1+($A$1*6)))/6)*1.07,0))) -> 1194 | AK9: =IF(((AH9*$A$1)*9)<$C$1,"-",IF(ROUNDUP((((AH9*100/107)*(1+($A$1*9)))/9)*1.07,0)<$B$1,"-",ROUNDUP(((((AH9*100/107)+$D9)*(1+($A$1*9)))/9)*1.07,0))) -> 822 | AL9: =IF(((AH9*$A$1)*12)<$C$1,"-",IF(ROUNDUP((((AH9*100/107)*(1+($A$1*12)))/12)*1.07,0)<$B$1,"-",ROUNDUP(((((AH9*100/107)+$D9)*(1+($A$1*12)))/12)*1.07,0))) -> 636 | AM9: =IF(((AH9*$A$1)*15)<$C$1,"-",IF(ROUNDUP((((AH9*100/107)*(1+($A$1*15)))/15)*1.07,0)<$B$1,"-",ROUNDUP(((((AH9*100/107)+$D9)*(1+($A$1*15)))/15)*1.07,0))) -> 524 | AN9: =IF(((AH9*$A$1)*18)<$C$1,"-",IF(ROUNDUP((((AH9*100/107)*(1+($A$1*18)))/18)*1.07,0)<$B$1,"-",ROUNDUP(((((AH9*100/107)+$D9)*(1+($A$1*18)))/18)*1.07,0))) -> - | AO9: =IF(((AH9*$A$1)*24)<$C$1,"-",IF(ROUNDUP((((AH9*100/107)*(1+($A$1*24)))/24)*1.07,0)<$B$1,"-",ROUNDUP(((((AH9*100/107)+$D9)*(1+($A$1*24)))/24)*1.07,0))) -> - | AP9: =ROUNDUP($B9*40%,0) -> 3600 | AQ9: =$B9-AP9 -> 5399 | AR9: =AQ9+$D9 -> 6194 | AS9: =IF(((AQ9*$A$1)*6)<$C$1,"-",IF(ROUNDUP((((AQ9*100/107)*(1+($A$1*6)))/6)*1.07,0)<$B$1,"-",ROUNDUP(((((AQ9*100/107)+$D9)*(1+($A$1*6)))/6)*1.07,0))) -> 1114 | AT9: =IF(((AQ9*$A$1)*9)<$C$1,"-",IF(ROUNDUP((((AQ9*100/107)*(1+($A$1*9)))/9)*1.07,0)<$B$1,"-",ROUNDUP(((((AQ9*100/107)+$D9)*(1+($A$1*9)))/9)*1.07,0))) -> 767 | AU9: =IF(((AQ9*$A$1)*12)<$C$1,"-",IF(ROUNDUP((((AQ9*100/107)*(1+($A$1*12)))/12)*1.07,0)<$B$1,"-",ROUNDUP(((((AQ9*100/107)+$D9)*(1+($A$1*12)))/12)*1.07,0))) -> 593 | AV9: =IF(((AQ9*$A$1)*15)<$C$1,"-",IF(ROUNDUP((((AQ9*100/107)*(1+($A$1*15)))/15)*1.07,0)<$B$1,"-",ROUNDUP(((((AQ9*100/107)+$D9)*(1+($A$1*15)))/15)*1.07,0))) -> 489 | AW9: =IF(((AQ9*$A$1)*18)<$C$1,"-",IF(ROUNDUP((((AQ9*100/107)*(1+($A$1*18)))/18)*1.07,0)<$B$1,"-",ROUNDUP(((((AQ9*100/107)+$D9)*(1+($A$1*18)))/18)*1.07,0))) -> - | AX9: =IF(((AQ9*$A$1)*24)<$C$1,"-",IF(ROUNDUP((((AQ9*100/107)*(1+($A$1*24)))/24)*1.07,0)<$B$1,"-",ROUNDUP(((((AQ9*100/107)+$D9)*(1+($A$1*24)))/24)*1.07,0))) -> -
A10: {=IFERROR(INDEX('Product Price'!A:A,SMALL('Product Price'!$D:$D,8)),"")} -> HONOR X7e 6/128 GB | B10: {=IFERROR(INDEX('Product Price'!B:B,SMALL('Product Price'!$D:$D,8)),"")} -> 7999 | C10: {=IFERROR(INDEX('Product Price'!C:C,SMALL('Product Price'!$D:$D,8)),"")} -> 160 | D10: =IF(AND(B10>=3900,B10<=10000),795,IF(AND(B10>=10001,B10<=20000),1450,IF(AND(B10>=20001,B10<=40000),1900,IF(AND(B10>=40001,B10<=60000),2475,IF(AND(B10>=60001,B10<=80000),4025,IF(AND(B10>=80001,B10<=100000),5175,IF(AND(B10>=100001,B10<=120000),6785,""))))))) -> 795 | E10: =IFERROR(B10+D10,"") -> 8794 | F10: =IFERROR(ROUNDUP($B10*15%,0),"") -> 1200 | G10: =$B10-F10 -> 6799 | H10: =$G10+D10 -> 7594 | I10: =IF(((G10*$A$1)*6)<$C$1,"-",IF(ROUNDUP((((G10*100/107)*(1+($A$1*6)))/6)*1.07,0)<$B$1,"-",ROUNDUP(((((G10*100/107)+$D10)*(1+($A$1*6)))/6)*1.07,0))) -> 1363 | J10: =IF(((G10*$A$1)*9)<$C$1,"-",IF(ROUNDUP((((G10*100/107)*(1+($A$1*9)))/9)*1.07,0)<$B$1,"-",ROUNDUP(((((G10*100/107)+$D10)*(1+($A$1*9)))/9)*1.07,0))) -> 938 | K10: =IF(((G10*$A$1)*12)<$C$1,"-",IF(ROUNDUP((((G10*100/107)*(1+($A$1*12)))/12)*1.07,0)<$B$1,"-",ROUNDUP(((((G10*100/107)+$D10)*(1+($A$1*12)))/12)*1.07,0))) -> 726 | L10: =IF(((G10*$A$1)*15)<$C$1,"-",IF(ROUNDUP((((G10*100/107)*(1+($A$1*15)))/15)*1.07,0)<$B$1,"-",ROUNDUP(((((G10*100/107)+$D10)*(1+($A$1*15)))/15)*1.07,0))) -> 598 | M10: =IF(((G10*$A$1)*18)<$C$1,"-",IF(ROUNDUP((((G10*100/107)*(1+($A$1*18)))/18)*1.07,0)<$B$1,"-",ROUNDUP(((((G10*100/107)+$D10)*(1+($A$1*18)))/18)*1.07,0))) -> 513 | N10: =IF(((G10*$A$1)*24)<$C$1,"-",IF(ROUNDUP((((G10*100/107)*(1+($A$1*24)))/24)*1.07,0)<$B$1,"-",ROUNDUP(((((G10*100/107)+$D10)*(1+($A$1*24)))/24)*1.07,0))) -> - | O10: =ROUNDUP($B10*20%,0) -> 1600 | P10: =$B10-O10 -> 6399 | Q10: =P10+$D10 -> 7194 | R10: =IF(((P10*$A$1)*6)<$C$1,"-",IF(ROUNDUP((((P10*100/107)*(1+($A$1*6)))/6)*1.07,0)<$B$1,"-",ROUNDUP(((((P10*100/107)+$D10)*(1+($A$1*6)))/6)*1.07,0))) -> 1292 | S10: =IF(((P10*$A$1)*9)<$C$1,"-",IF(ROUNDUP((((P10*100/107)*(1+($A$1*9)))/9)*1.07,0)<$B$1,"-",ROUNDUP(((((P10*100/107)+$D10)*(1+($A$1*9)))/9)*1.07,0))) -> 889 | T10: =IF(((P10*$A$1)*12)<$C$1,"-",IF(ROUNDUP((((P10*100/107)*(1+($A$1*12)))/12)*1.07,0)<$B$1,"-",ROUNDUP(((((P10*100/107)+$D10)*(1+($A$1*12)))/12)*1.07,0))) -> 688 | U10: =IF(((P10*$A$1)*15)<$C$1,"-",IF(ROUNDUP((((P10*100/107)*(1+($A$1*15)))/15)*1.07,0)<$B$1,"-",ROUNDUP(((((P10*100/107)+$D10)*(1+($A$1*15)))/15)*1.07,0))) -> 567 | V10: =IF(((P10*$A$1)*18)<$C$1,"-",IF(ROUNDUP((((P10*100/107)*(1+($A$1*18)))/18)*1.07,0)<$B$1,"-",ROUNDUP(((((P10*100/107)+$D10)*(1+($A$1*18)))/18)*1.07,0))) -> 487 | W10: =IF(((P10*$A$1)*24)<$C$1,"-",IF(ROUNDUP((((P10*100/107)*(1+($A$1*24)))/24)*1.07,0)<$B$1,"-",ROUNDUP(((((P10*100/107)+$D10)*(1+($A$1*24)))/24)*1.07,0))) -> - | X10: =ROUNDUP($B10*25%,0) -> 2000 | Y10: =$B10-X10 -> 5999 | Z10: =Y10+$D10 -> 6794 | AA10: =IF(((Y10*$A$1)*6)<$C$1,"-",IF(ROUNDUP((((Y10*100/107)*(1+($A$1*6)))/6)*1.07,0)<$B$1,"-",ROUNDUP(((((Y10*100/107)+$D10)*(1+($A$1*6)))/6)*1.07,0))) -> 1221 | AB10: =IF(((Y10*$A$1)*9)<$C$1,"-",IF(ROUNDUP((((Y10*100/107)*(1+($A$1*9)))/9)*1.07,0)<$B$1,"-",ROUNDUP(((((Y10*100/107)+$D10)*(1+($A$1*9)))/9)*1.07,0))) -> 840 | AC10: =IF(((Y10*$A$1)*12)<$C$1,"-",IF(ROUNDUP((((Y10*100/107)*(1+($A$1*12)))/12)*1.07,0)<$B$1,"-",ROUNDUP(((((Y10*100/107)+$D10)*(1+($A$1*12)))/12)*1.07,0))) -> 650 | AD10: =IF(((Y10*$A$1)*15)<$C$1,"-",IF(ROUNDUP((((Y10*100/107)*(1+($A$1*15)))/15)*1.07,0)<$B$1,"-",ROUNDUP(((((Y10*100/107)+$D10)*(1+($A$1*15)))/15)*1.07,0))) -> 536 | AE10: =IF(((Y10*$A$1)*18)<$C$1,"-",IF(ROUNDUP((((Y10*100/107)*(1+($A$1*18)))/18)*1.07,0)<$B$1,"-",ROUNDUP(((((Y10*100/107)+$D10)*(1+($A$1*18)))/18)*1.07,0))) -> 460 | AF10: =IF(((Y10*$A$1)*24)<$C$1,"-",IF(ROUNDUP((((Y10*100/107)*(1+($A$1*24)))/24)*1.07,0)<$B$1,"-",ROUNDUP(((((Y10*100/107)+$D10)*(1+($A$1*24)))/24)*1.07,0))) -> - | AG10: =ROUNDUP($B10*35%,0) -> 2800 | AH10: =$B10-AG10 -> 5199 | AI10: =AH10+$D10 -> 5994 | AJ10: =IF(((AH10*$A$1)*6)<$C$1,"-",IF(ROUNDUP((((AH10*100/107)*(1+($A$1*6)))/6)*1.07,0)<$B$1,"-",ROUNDUP(((((AH10*100/107)+$D10)*(1+($A$1*6)))/6)*1.07,0))) -> 1078 | AK10: =IF(((AH10*$A$1)*9)<$C$1,"-",IF(ROUNDUP((((AH10*100/107)*(1+($A$1*9)))/9)*1.07,0)<$B$1,"-",ROUNDUP(((((AH10*100/107)+$D10)*(1+($A$1*9)))/9)*1.07,0))) -> 742 | AL10: =IF(((AH10*$A$1)*12)<$C$1,"-",IF(ROUNDUP((((AH10*100/107)*(1+($A$1*12)))/12)*1.07,0)<$B$1,"-",ROUNDUP(((((AH10*100/107)+$D10)*(1+($A$1*12)))/12)*1.07,0))) -> 574 | AM10: =IF(((AH10*$A$1)*15)<$C$1,"-",IF(ROUNDUP((((AH10*100/107)*(1+($A$1*15)))/15)*1.07,0)<$B$1,"-",ROUNDUP(((((AH10*100/107)+$D10)*(1+($A$1*15)))/15)*1.07,0))) -> 473 | AN10: =IF(((AH10*$A$1)*18)<$C$1,"-",IF(ROUNDUP((((AH10*100/107)*(1+($A$1*18)))/18)*1.07,0)<$B$1,"-",ROUNDUP(((((AH10*100/107)+$D10)*(1+($A$1*18)))/18)*1.07,0))) -> - | AO10: =IF(((AH10*$A$1)*24)<$C$1,"-",IF(ROUNDUP((((AH10*100/107)*(1+($A$1*24)))/24)*1.07,0)<$B$1,"-",ROUNDUP(((((AH10*100/107)+$D10)*(1+($A$1*24)))/24)*1.07,0))) -> - | AP10: =ROUNDUP($B10*40%,0) -> 3200 | AQ10: =$B10-AP10 -> 4799 | AR10: =AQ10+$D10 -> 5594 | AS10: =IF(((AQ10*$A$1)*6)<$C$1,"-",IF(ROUNDUP((((AQ10*100/107)*(1+($A$1*6)))/6)*1.07,0)<$B$1,"-",ROUNDUP(((((AQ10*100/107)+$D10)*(1+($A$1*6)))/6)*1.07,0))) -> 1007 | AT10: =IF(((AQ10*$A$1)*9)<$C$1,"-",IF(ROUNDUP((((AQ10*100/107)*(1+($A$1*9)))/9)*1.07,0)<$B$1,"-",ROUNDUP(((((AQ10*100/107)+$D10)*(1+($A$1*9)))/9)*1.07,0))) -> 693 | AU10: =IF(((AQ10*$A$1)*12)<$C$1,"-",IF(ROUNDUP((((AQ10*100/107)*(1+($A$1*12)))/12)*1.07,0)<$B$1,"-",ROUNDUP(((((AQ10*100/107)+$D10)*(1+($A$1*12)))/12)*1.07,0))) -> 536 | AV10: =IF(((AQ10*$A$1)*15)<$C$1,"-",IF(ROUNDUP((((AQ10*100/107)*(1+($A$1*15)))/15)*1.07,0)<$B$1,"-",ROUNDUP(((((AQ10*100/107)+$D10)*(1+($A$1*15)))/15)*1.07,0))) -> - | AW10: =IF(((AQ10*$A$1)*18)<$C$1,"-",IF(ROUNDUP((((AQ10*100/107)*(1+($A$1*18)))/18)*1.07,0)<$B$1,"-",ROUNDUP(((((AQ10*100/107)+$D10)*(1+($A$1*18)))/18)*1.07,0))) -> - | AX10: =IF(((AQ10*$A$1)*24)<$C$1,"-",IF(ROUNDUP((((AQ10*100/107)*(1+($A$1*24)))/24)*1.07,0)<$B$1,"-",ROUNDUP(((((AQ10*100/107)+$D10)*(1+($A$1*24)))/24)*1.07,0))) -> -
A11: {=IFERROR(INDEX('Product Price'!A:A,SMALL('Product Price'!$D:$D,9)),"")} -> HONOR Pad X8b 6/128 GB | B11: {=IFERROR(INDEX('Product Price'!B:B,SMALL('Product Price'!$D:$D,9)),"")} -> 8999 | C11: {=IFERROR(INDEX('Product Price'!C:C,SMALL('Product Price'!$D:$D,9)),"")} -> 6 | D11: =IF(AND(B11>=3900,B11<=10000),795,IF(AND(B11>=10001,B11<=20000),1450,IF(AND(B11>=20001,B11<=40000),1900,IF(AND(B11>=40001,B11<=60000),2475,IF(AND(B11>=60001,B11<=80000),4025,IF(AND(B11>=80001,B11<=100000),5175,IF(AND(B11>=100001,B11<=120000),6785,""))))))) -> 795 | E11: =IFERROR(B11+D11,"") -> 9794 | F11: =IFERROR(ROUNDUP($B11*15%,0),"") -> 1350 | G11: =$B11-F11 -> 7649 | H11: =$G11+D11 -> 8444 | I11: =IF(((G11*$A$1)*6)<$C$1,"-",IF(ROUNDUP((((G11*100/107)*(1+($A$1*6)))/6)*1.07,0)<$B$1,"-",ROUNDUP(((((G11*100/107)+$D11)*(1+($A$1*6)))/6)*1.07,0))) -> 1515 | J11: =IF(((G11*$A$1)*9)<$C$1,"-",IF(ROUNDUP((((G11*100/107)*(1+($A$1*9)))/9)*1.07,0)<$B$1,"-",ROUNDUP(((((G11*100/107)+$D11)*(1+($A$1*9)))/9)*1.07,0))) -> 1043 | K11: =IF(((G11*$A$1)*12)<$C$1,"-",IF(ROUNDUP((((G11*100/107)*(1+($A$1*12)))/12)*1.07,0)<$B$1,"-",ROUNDUP(((((G11*100/107)+$D11)*(1+($A$1*12)))/12)*1.07,0))) -> 807 | L11: =IF(((G11*$A$1)*15)<$C$1,"-",IF(ROUNDUP((((G11*100/107)*(1+($A$1*15)))/15)*1.07,0)<$B$1,"-",ROUNDUP(((((G11*100/107)+$D11)*(1+($A$1*15)))/15)*1.07,0))) -> 665 | M11: =IF(((G11*$A$1)*18)<$C$1,"-",IF(ROUNDUP((((G11*100/107)*(1+($A$1*18)))/18)*1.07,0)<$B$1,"-",ROUNDUP(((((G11*100/107)+$D11)*(1+($A$1*18)))/18)*1.07,0))) -> 570 | N11: =IF(((G11*$A$1)*24)<$C$1,"-",IF(ROUNDUP((((G11*100/107)*(1+($A$1*24)))/24)*1.07,0)<$B$1,"-",ROUNDUP(((((G11*100/107)+$D11)*(1+($A$1*24)))/24)*1.07,0))) -> 452 | O11: =ROUNDUP($B11*20%,0) -> 1800 | P11: =$B11-O11 -> 7199 | Q11: =P11+$D11 -> 7994 | R11: =IF(((P11*$A$1)*6)<$C$1,"-",IF(ROUNDUP((((P11*100/107)*(1+($A$1*6)))/6)*1.07,0)<$B$1,"-",ROUNDUP(((((P11*100/107)+$D11)*(1+($A$1*6)))/6)*1.07,0))) -> 1435 | S11: =IF(((P11*$A$1)*9)<$C$1,"-",IF(ROUNDUP((((P11*100/107)*(1+($A$1*9)))/9)*1.07,0)<$B$1,"-",ROUNDUP(((((P11*100/107)+$D11)*(1+($A$1*9)))/9)*1.07,0))) -> 987 | T11: =IF(((P11*$A$1)*12)<$C$1,"-",IF(ROUNDUP((((P11*100/107)*(1+($A$1*12)))/12)*1.07,0)<$B$1,"-",ROUNDUP(((((P11*100/107)+$D11)*(1+($A$1*12)))/12)*1.07,0))) -> 764 | U11: =IF(((P11*$A$1)*15)<$C$1,"-",IF(ROUNDUP((((P11*100/107)*(1+($A$1*15)))/15)*1.07,0)<$B$1,"-",ROUNDUP(((((P11*100/107)+$D11)*(1+($A$1*15)))/15)*1.07,0))) -> 630 | V11: =IF(((P11*$A$1)*18)<$C$1,"-",IF(ROUNDUP((((P11*100/107)*(1+($A$1*18)))/18)*1.07,0)<$B$1,"-",ROUNDUP(((((P11*100/107)+$D11)*(1+($A$1*18)))/18)*1.07,0))) -> 540 | W11: =IF(((P11*$A$1)*24)<$C$1,"-",IF(ROUNDUP((((P11*100/107)*(1+($A$1*24)))/24)*1.07,0)<$B$1,"-",ROUNDUP(((((P11*100/107)+$D11)*(1+($A$1*24)))/24)*1.07,0))) -> - | X11: =ROUNDUP($B11*25%,0) -> 2250 | Y11: =$B11-X11 -> 6749 | Z11: =Y11+$D11 -> 7544 | AA11: =IF(((Y11*$A$1)*6)<$C$1,"-",IF(ROUNDUP((((Y11*100/107)*(1+($A$1*6)))/6)*1.07,0)<$B$1,"-",ROUNDUP(((((Y11*100/107)+$D11)*(1+($A$1*6)))/6)*1.07,0))) -> 1355 | AB11: =IF(((Y11*$A$1)*9)<$C$1,"-",IF(ROUNDUP((((Y11*100/107)*(1+($A$1*9)))/9)*1.07,0)<$B$1,"-",ROUNDUP(((((Y11*100/107)+$D11)*(1+($A$1*9)))/9)*1.07,0))) -> 932 | AC11: =IF(((Y11*$A$1)*12)<$C$1,"-",IF(ROUNDUP((((Y11*100/107)*(1+($A$1*12)))/12)*1.07,0)<$B$1,"-",ROUNDUP(((((Y11*100/107)+$D11)*(1+($A$1*12)))/12)*1.07,0))) -> 721 | AD11: =IF(((Y11*$A$1)*15)<$C$1,"-",IF(ROUNDUP((((Y11*100/107)*(1+($A$1*15)))/15)*1.07,0)<$B$1,"-",ROUNDUP(((((Y11*100/107)+$D11)*(1+($A$1*15)))/15)*1.07,0))) -> 595 | AE11: =IF(((Y11*$A$1)*18)<$C$1,"-",IF(ROUNDUP((((Y11*100/107)*(1+($A$1*18)))/18)*1.07,0)<$B$1,"-",ROUNDUP(((((Y11*100/107)+$D11)*(1+($A$1*18)))/18)*1.07,0))) -> 510 | AF11: =IF(((Y11*$A$1)*24)<$C$1,"-",IF(ROUNDUP((((Y11*100/107)*(1+($A$1*24)))/24)*1.07,0)<$B$1,"-",ROUNDUP(((((Y11*100/107)+$D11)*(1+($A$1*24)))/24)*1.07,0))) -> - | AG11: =ROUNDUP($B11*35%,0) -> 3150 | AH11: =$B11-AG11 -> 5849 | AI11: =AH11+$D11 -> 6644 | AJ11: =IF(((AH11*$A$1)*6)<$C$1,"-",IF(ROUNDUP((((AH11*100/107)*(1+($A$1*6)))/6)*1.07,0)<$B$1,"-",ROUNDUP(((((AH11*100/107)+$D11)*(1+($A$1*6)))/6)*1.07,0))) -> 1194 | AK11: =IF(((AH11*$A$1)*9)<$C$1,"-",IF(ROUNDUP((((AH11*100/107)*(1+($A$1*9)))/9)*1.07,0)<$B$1,"-",ROUNDUP(((((AH11*100/107)+$D11)*(1+($A$1*9)))/9)*1.07,0))) -> 822 | AL11: =IF(((AH11*$A$1)*12)<$C$1,"-",IF(ROUNDUP((((AH11*100/107)*(1+($A$1*12)))/12)*1.07,0)<$B$1,"-",ROUNDUP(((((AH11*100/107)+$D11)*(1+($A$1*12)))/12)*1.07,0))) -> 636 | AM11: =IF(((AH11*$A$1)*15)<$C$1,"-",IF(ROUNDUP((((AH11*100/107)*(1+($A$1*15)))/15)*1.07,0)<$B$1,"-",ROUNDUP(((((AH11*100/107)+$D11)*(1+($A$1*15)))/15)*1.07,0))) -> 524 | AN11: =IF(((AH11*$A$1)*18)<$C$1,"-",IF(ROUNDUP((((AH11*100/107)*(1+($A$1*18)))/18)*1.07,0)<$B$1,"-",ROUNDUP(((((AH11*100/107)+$D11)*(1+($A$1*18)))/18)*1.07,0))) -> - | AO11: =IF(((AH11*$A$1)*24)<$C$1,"-",IF(ROUNDUP((((AH11*100/107)*(1+($A$1*24)))/24)*1.07,0)<$B$1,"-",ROUNDUP(((((AH11*100/107)+$D11)*(1+($A$1*24)))/24)*1.07,0))) -> - | AP11: =ROUNDUP($B11*40%,0) -> 3600 | AQ11: =$B11-AP11 -> 5399 | AR11: =AQ11+$D11 -> 6194 | AS11: =IF(((AQ11*$A$1)*6)<$C$1,"-",IF(ROUNDUP((((AQ11*100/107)*(1+($A$1*6)))/6)*1.07,0)<$B$1,"-",ROUNDUP(((((AQ11*100/107)+$D11)*(1+($A$1*6)))/6)*1.07,0))) -> 1114 | AT11: =IF(((AQ11*$A$1)*9)<$C$1,"-",IF(ROUNDUP((((AQ11*100/107)*(1+($A$1*9)))/9)*1.07,0)<$B$1,"-",ROUNDUP(((((AQ11*100/107)+$D11)*(1+($A$1*9)))/9)*1.07,0))) -> 767 | AU11: =IF(((AQ11*$A$1)*12)<$C$1,"-",IF(ROUNDUP((((AQ11*100/107)*(1+($A$1*12)))/12)*1.07,0)<$B$1,"-",ROUNDUP(((((AQ11*100/107)+$D11)*(1+($A$1*12)))/12)*1.07,0))) -> 593 | AV11: =IF(((AQ11*$A$1)*15)<$C$1,"-",IF(ROUNDUP((((AQ11*100/107)*(1+($A$1*15)))/15)*1.07,0)<$B$1,"-",ROUNDUP(((((AQ11*100/107)+$D11)*(1+($A$1*15)))/15)*1.07,0))) -> 489 | AW11: =IF(((AQ11*$A$1)*18)<$C$1,"-",IF(ROUNDUP((((AQ11*100/107)*(1+($A$1*18)))/18)*1.07,0)<$B$1,"-",ROUNDUP(((((AQ11*100/107)+$D11)*(1+($A$1*18)))/18)*1.07,0))) -> - | AX11: =IF(((AQ11*$A$1)*24)<$C$1,"-",IF(ROUNDUP((((AQ11*100/107)*(1+($A$1*24)))/24)*1.07,0)<$B$1,"-",ROUNDUP(((((AQ11*100/107)+$D11)*(1+($A$1*24)))/24)*1.07,0))) -> -
A12: {=IFERROR(INDEX('Product Price'!A:A,SMALL('Product Price'!$D:$D,10)),"")} -> HUAWEI Mate X7 16/512 GB | B12: {=IFERROR(INDEX('Product Price'!B:B,SMALL('Product Price'!$D:$D,10)),"")} -> 59990 | C12: {=IFERROR(INDEX('Product Price'!C:C,SMALL('Product Price'!$D:$D,10)),"")} -> 7 | D12: =IF(AND(B12>=3900,B12<=10000),795,IF(AND(B12>=10001,B12<=20000),1450,IF(AND(B12>=20001,B12<=40000),1900,IF(AND(B12>=40001,B12<=60000),2475,IF(AND(B12>=60001,B12<=80000),4025,IF(AND(B12>=80001,B12<=100000),5175,IF(AND(B12>=100001,B12<=120000),6785,""))))))) -> 2475 | E12: =IFERROR(B12+D12,"") -> 62465 | F12: =IFERROR(ROUNDUP($B12*15%,0),"") -> 8999 | G12: =$B12-F12 -> 50991 | H12: =$G12+D12 -> 53466 | I12: =IF(((G12*$A$1)*6)<$C$1,"-",IF(ROUNDUP((((G12*100/107)*(1+($A$1*6)))/6)*1.07,0)<$B$1,"-",ROUNDUP(((((G12*100/107)+$D12)*(1+($A$1*6)))/6)*1.07,0))) -> 9557 | J12: =IF(((G12*$A$1)*9)<$C$1,"-",IF(ROUNDUP((((G12*100/107)*(1+($A$1*9)))/9)*1.07,0)<$B$1,"-",ROUNDUP(((((G12*100/107)+$D12)*(1+($A$1*9)))/9)*1.07,0))) -> 6577 | K12: =IF(((G12*$A$1)*12)<$C$1,"-",IF(ROUNDUP((((G12*100/107)*(1+($A$1*12)))/12)*1.07,0)<$B$1,"-",ROUNDUP(((((G12*100/107)+$D12)*(1+($A$1*12)))/12)*1.07,0))) -> 5087 | L12: =IF(((G12*$A$1)*15)<$C$1,"-",IF(ROUNDUP((((G12*100/107)*(1+($A$1*15)))/15)*1.07,0)<$B$1,"-",ROUNDUP(((((G12*100/107)+$D12)*(1+($A$1*15)))/15)*1.07,0))) -> 4193 | M12: =IF(((G12*$A$1)*18)<$C$1,"-",IF(ROUNDUP((((G12*100/107)*(1+($A$1*18)))/18)*1.07,0)<$B$1,"-",ROUNDUP(((((G12*100/107)+$D12)*(1+($A$1*18)))/18)*1.07,0))) -> 3597 | N12: =IF(((G12*$A$1)*24)<$C$1,"-",IF(ROUNDUP((((G12*100/107)*(1+($A$1*24)))/24)*1.07,0)<$B$1,"-",ROUNDUP(((((G12*100/107)+$D12)*(1+($A$1*24)))/24)*1.07,0))) -> 2852 | O12: =ROUNDUP($B12*20%,0) -> 11998 | P12: =$B12-O12 -> 47992 | Q12: =P12+$D12 -> 50467 | R12: =IF(((P12*$A$1)*6)<$C$1,"-",IF(ROUNDUP((((P12*100/107)*(1+($A$1*6)))/6)*1.07,0)<$B$1,"-",ROUNDUP(((((P12*100/107)+$D12)*(1+($A$1*6)))/6)*1.07,0))) -> 9023 | S12: =IF(((P12*$A$1)*9)<$C$1,"-",IF(ROUNDUP((((P12*100/107)*(1+($A$1*9)))/9)*1.07,0)<$B$1,"-",ROUNDUP(((((P12*100/107)+$D12)*(1+($A$1*9)))/9)*1.07,0))) -> 6210 | T12: =IF(((P12*$A$1)*12)<$C$1,"-",IF(ROUNDUP((((P12*100/107)*(1+($A$1*12)))/12)*1.07,0)<$B$1,"-",ROUNDUP(((((P12*100/107)+$D12)*(1+($A$1*12)))/12)*1.07,0))) -> 4803 | U12: =IF(((P12*$A$1)*15)<$C$1,"-",IF(ROUNDUP((((P12*100/107)*(1+($A$1*15)))/15)*1.07,0)<$B$1,"-",ROUNDUP(((((P12*100/107)+$D12)*(1+($A$1*15)))/15)*1.07,0))) -> 3959 | V12: =IF(((P12*$A$1)*18)<$C$1,"-",IF(ROUNDUP((((P12*100/107)*(1+($A$1*18)))/18)*1.07,0)<$B$1,"-",ROUNDUP(((((P12*100/107)+$D12)*(1+($A$1*18)))/18)*1.07,0))) -> 3396 | W12: =IF(((P12*$A$1)*24)<$C$1,"-",IF(ROUNDUP((((P12*100/107)*(1+($A$1*24)))/24)*1.07,0)<$B$1,"-",ROUNDUP(((((P12*100/107)+$D12)*(1+($A$1*24)))/24)*1.07,0))) -> 2693 | X12: =ROUNDUP($B12*25%,0) -> 14998 | Y12: =$B12-X12 -> 44992 | Z12: =Y12+$D12 -> 47467 | AA12: =IF(((Y12*$A$1)*6)<$C$1,"-",IF(ROUNDUP((((Y12*100/107)*(1+($A$1*6)))/6)*1.07,0)<$B$1,"-",ROUNDUP(((((Y12*100/107)+$D12)*(1+($A$1*6)))/6)*1.07,0))) -> 8488 | AB12: =IF(((Y12*$A$1)*9)<$C$1,"-",IF(ROUNDUP((((Y12*100/107)*(1+($A$1*9)))/9)*1.07,0)<$B$1,"-",ROUNDUP(((((Y12*100/107)+$D12)*(1+($A$1*9)))/9)*1.07,0))) -> 5842 | AC12: =IF(((Y12*$A$1)*12)<$C$1,"-",IF(ROUNDUP((((Y12*100/107)*(1+($A$1*12)))/12)*1.07,0)<$B$1,"-",ROUNDUP(((((Y12*100/107)+$D12)*(1+($A$1*12)))/12)*1.07,0))) -> 4518 | AD12: =IF(((Y12*$A$1)*15)<$C$1,"-",IF(ROUNDUP((((Y12*100/107)*(1+($A$1*15)))/15)*1.07,0)<$B$1,"-",ROUNDUP(((((Y12*100/107)+$D12)*(1+($A$1*15)))/15)*1.07,0))) -> 3724 | AE12: =IF(((Y12*$A$1)*18)<$C$1,"-",IF(ROUNDUP((((Y12*100/107)*(1+($A$1*18)))/18)*1.07,0)<$B$1,"-",ROUNDUP(((((Y12*100/107)+$D12)*(1+($A$1*18)))/18)*1.07,0))) -> 3195 | AF12: =IF(((Y12*$A$1)*24)<$C$1,"-",IF(ROUNDUP((((Y12*100/107)*(1+($A$1*24)))/24)*1.07,0)<$B$1,"-",ROUNDUP(((((Y12*100/107)+$D12)*(1+($A$1*24)))/24)*1.07,0))) -> 2533 | AG12: =ROUNDUP($B12*35%,0) -> 20997 | AH12: =$B12-AG12 -> 38993 | AI12: =AH12+$D12 -> 41468 | AJ12: =IF(((AH12*$A$1)*6)<$C$1,"-",IF(ROUNDUP((((AH12*100/107)*(1+($A$1*6)))/6)*1.07,0)<$B$1,"-",ROUNDUP(((((AH12*100/107)+$D12)*(1+($A$1*6)))/6)*1.07,0))) -> 7420 | AK12: =IF(((AH12*$A$1)*9)<$C$1,"-",IF(ROUNDUP((((AH12*100/107)*(1+($A$1*9)))/9)*1.07,0)<$B$1,"-",ROUNDUP(((((AH12*100/107)+$D12)*(1+($A$1*9)))/9)*1.07,0))) -> 5106 | AL12: =IF(((AH12*$A$1)*12)<$C$1,"-",IF(ROUNDUP((((AH12*100/107)*(1+($A$1*12)))/12)*1.07,0)<$B$1,"-",ROUNDUP(((((AH12*100/107)+$D12)*(1+($A$1*12)))/12)*1.07,0))) -> 3949 | AM12: =IF(((AH12*$A$1)*15)<$C$1,"-",IF(ROUNDUP((((AH12*100/107)*(1+($A$1*15)))/15)*1.07,0)<$B$1,"-",ROUNDUP(((((AH12*100/107)+$D12)*(1+($A$1*15)))/15)*1.07,0))) -> 3255 | AN12: =IF(((AH12*$A$1)*18)<$C$1,"-",IF(ROUNDUP((((AH12*100/107)*(1+($A$1*18)))/18)*1.07,0)<$B$1,"-",ROUNDUP(((((AH12*100/107)+$D12)*(1+($A$1*18)))/18)*1.07,0))) -> 2793 | AO12: =IF(((AH12*$A$1)*24)<$C$1,"-",IF(ROUNDUP((((AH12*100/107)*(1+($A$1*24)))/24)*1.07,0)<$B$1,"-",ROUNDUP(((((AH12*100/107)+$D12)*(1+($A$1*24)))/24)*1.07,0))) -> 2214 | AP12: =ROUNDUP($B12*40%,0) -> 23996 | AQ12: =$B12-AP12 -> 35994 | AR12: =AQ12+$D12 -> 38469 | AS12: =IF(((AQ12*$A$1)*6)<$C$1,"-",IF(ROUNDUP((((AQ12*100/107)*(1+($A$1*6)))/6)*1.07,0)<$B$1,"-",ROUNDUP(((((AQ12*100/107)+$D12)*(1+($A$1*6)))/6)*1.07,0))) -> 6885 | AT12: =IF(((AQ12*$A$1)*9)<$C$1,"-",IF(ROUNDUP((((AQ12*100/107)*(1+($A$1*9)))/9)*1.07,0)<$B$1,"-",ROUNDUP(((((AQ12*100/107)+$D12)*(1+($A$1*9)))/9)*1.07,0))) -> 4738 | AU12: =IF(((AQ12*$A$1)*12)<$C$1,"-",IF(ROUNDUP((((AQ12*100/107)*(1+($A$1*12)))/12)*1.07,0)<$B$1,"-",ROUNDUP(((((AQ12*100/107)+$D12)*(1+($A$1*12)))/12)*1.07,0))) -> 3665 | AV12: =IF(((AQ12*$A$1)*15)<$C$1,"-",IF(ROUNDUP((((AQ12*100/107)*(1+($A$1*15)))/15)*1.07,0)<$B$1,"-",ROUNDUP(((((AQ12*100/107)+$D12)*(1+($A$1*15)))/15)*1.07,0))) -> 3021 | AW12: =IF(((AQ12*$A$1)*18)<$C$1,"-",IF(ROUNDUP((((AQ12*100/107)*(1+($A$1*18)))/18)*1.07,0)<$B$1,"-",ROUNDUP(((((AQ12*100/107)+$D12)*(1+($A$1*18)))/18)*1.07,0))) -> 2592 | AX12: =IF(((AQ12*$A$1)*24)<$C$1,"-",IF(ROUNDUP((((AQ12*100/107)*(1+($A$1*24)))/24)*1.07,0)<$B$1,"-",ROUNDUP(((((AQ12*100/107)+$D12)*(1+($A$1*24)))/24)*1.07,0))) -> 2055
A13: {=IFERROR(INDEX('Product Price'!A:A,SMALL('Product Price'!$D:$D,11)),"")} -> HUAWEI Pura 90s ProMax 12/512 GB | B13: {=IFERROR(INDEX('Product Price'!B:B,SMALL('Product Price'!$D:$D,11)),"")} -> 49990 | C13: {=IFERROR(INDEX('Product Price'!C:C,SMALL('Product Price'!$D:$D,11)),"")} -> 177 | D13: =IF(AND(B13>=3900,B13<=10000),795,IF(AND(B13>=10001,B13<=20000),1450,IF(AND(B13>=20001,B13<=40000),1900,IF(AND(B13>=40001,B13<=60000),2475,IF(AND(B13>=60001,B13<=80000),4025,IF(AND(B13>=80001,B13<=100000),5175,IF(AND(B13>=100001,B13<=120000),6785,""))))))) -> 2475 | E13: =IFERROR(B13+D13,"") -> 52465 | F13: =IFERROR(ROUNDUP($B13*15%,0),"") -> 7499 | G13: =$B13-F13 -> 42491 | H13: =$G13+D13 -> 44966 | I13: =IF(((G13*$A$1)*6)<$C$1,"-",IF(ROUNDUP((((G13*100/107)*(1+($A$1*6)))/6)*1.07,0)<$B$1,"-",ROUNDUP(((((G13*100/107)+$D13)*(1+($A$1*6)))/6)*1.07,0))) -> 8043 | J13: =IF(((G13*$A$1)*9)<$C$1,"-",IF(ROUNDUP((((G13*100/107)*(1+($A$1*9)))/9)*1.07,0)<$B$1,"-",ROUNDUP(((((G13*100/107)+$D13)*(1+($A$1*9)))/9)*1.07,0))) -> 5535 | K13: =IF(((G13*$A$1)*12)<$C$1,"-",IF(ROUNDUP((((G13*100/107)*(1+($A$1*12)))/12)*1.07,0)<$B$1,"-",ROUNDUP(((((G13*100/107)+$D13)*(1+($A$1*12)))/12)*1.07,0))) -> 4281 | L13: =IF(((G13*$A$1)*15)<$C$1,"-",IF(ROUNDUP((((G13*100/107)*(1+($A$1*15)))/15)*1.07,0)<$B$1,"-",ROUNDUP(((((G13*100/107)+$D13)*(1+($A$1*15)))/15)*1.07,0))) -> 3529 | M13: =IF(((G13*$A$1)*18)<$C$1,"-",IF(ROUNDUP((((G13*100/107)*(1+($A$1*18)))/18)*1.07,0)<$B$1,"-",ROUNDUP(((((G13*100/107)+$D13)*(1+($A$1*18)))/18)*1.07,0))) -> 3027 | N13: =IF(((G13*$A$1)*24)<$C$1,"-",IF(ROUNDUP((((G13*100/107)*(1+($A$1*24)))/24)*1.07,0)<$B$1,"-",ROUNDUP(((((G13*100/107)+$D13)*(1+($A$1*24)))/24)*1.07,0))) -> 2400 | O13: =ROUNDUP($B13*20%,0) -> 9998 | P13: =$B13-O13 -> 39992 | Q13: =P13+$D13 -> 42467 | R13: =IF(((P13*$A$1)*6)<$C$1,"-",IF(ROUNDUP((((P13*100/107)*(1+($A$1*6)))/6)*1.07,0)<$B$1,"-",ROUNDUP(((((P13*100/107)+$D13)*(1+($A$1*6)))/6)*1.07,0))) -> 7598 | S13: =IF(((P13*$A$1)*9)<$C$1,"-",IF(ROUNDUP((((P13*100/107)*(1+($A$1*9)))/9)*1.07,0)<$B$1,"-",ROUNDUP(((((P13*100/107)+$D13)*(1+($A$1*9)))/9)*1.07,0))) -> 5229 | T13: =IF(((P13*$A$1)*12)<$C$1,"-",IF(ROUNDUP((((P13*100/107)*(1+($A$1*12)))/12)*1.07,0)<$B$1,"-",ROUNDUP(((((P13*100/107)+$D13)*(1+($A$1*12)))/12)*1.07,0))) -> 4044 | U13: =IF(((P13*$A$1)*15)<$C$1,"-",IF(ROUNDUP((((P13*100/107)*(1+($A$1*15)))/15)*1.07,0)<$B$1,"-",ROUNDUP(((((P13*100/107)+$D13)*(1+($A$1*15)))/15)*1.07,0))) -> 3334 | V13: =IF(((P13*$A$1)*18)<$C$1,"-",IF(ROUNDUP((((P13*100/107)*(1+($A$1*18)))/18)*1.07,0)<$B$1,"-",ROUNDUP(((((P13*100/107)+$D13)*(1+($A$1*18)))/18)*1.07,0))) -> 2860 | W13: =IF(((P13*$A$1)*24)<$C$1,"-",IF(ROUNDUP((((P13*100/107)*(1+($A$1*24)))/24)*1.07,0)<$B$1,"-",ROUNDUP(((((P13*100/107)+$D13)*(1+($A$1*24)))/24)*1.07,0))) -> 2268 | X13: =ROUNDUP($B13*25%,0) -> 12498 | Y13: =$B13-X13 -> 37492 | Z13: =Y13+$D13 -> 39967 | AA13: =IF(((Y13*$A$1)*6)<$C$1,"-",IF(ROUNDUP((((Y13*100/107)*(1+($A$1*6)))/6)*1.07,0)<$B$1,"-",ROUNDUP(((((Y13*100/107)+$D13)*(1+($A$1*6)))/6)*1.07,0))) -> 7152 | AB13: =IF(((Y13*$A$1)*9)<$C$1,"-",IF(ROUNDUP((((Y13*100/107)*(1+($A$1*9)))/9)*1.07,0)<$B$1,"-",ROUNDUP(((((Y13*100/107)+$D13)*(1+($A$1*9)))/9)*1.07,0))) -> 4922 | AC13: =IF(((Y13*$A$1)*12)<$C$1,"-",IF(ROUNDUP((((Y13*100/107)*(1+($A$1*12)))/12)*1.07,0)<$B$1,"-",ROUNDUP(((((Y13*100/107)+$D13)*(1+($A$1*12)))/12)*1.07,0))) -> 3807 | AD13: =IF(((Y13*$A$1)*15)<$C$1,"-",IF(ROUNDUP((((Y13*100/107)*(1+($A$1*15)))/15)*1.07,0)<$B$1,"-",ROUNDUP(((((Y13*100/107)+$D13)*(1+($A$1*15)))/15)*1.07,0))) -> 3138 | AE13: =IF(((Y13*$A$1)*18)<$C$1,"-",IF(ROUNDUP((((Y13*100/107)*(1+($A$1*18)))/18)*1.07,0)<$B$1,"-",ROUNDUP(((((Y13*100/107)+$D13)*(1+($A$1*18)))/18)*1.07,0))) -> 2692 | AF13: =IF(((Y13*$A$1)*24)<$C$1,"-",IF(ROUNDUP((((Y13*100/107)*(1+($A$1*24)))/24)*1.07,0)<$B$1,"-",ROUNDUP(((((Y13*100/107)+$D13)*(1+($A$1*24)))/24)*1.07,0))) -> 2135 | AG13: =ROUNDUP($B13*35%,0) -> 17497 | AH13: =$B13-AG13 -> 32493 | AI13: =AH13+$D13 -> 34968 | AJ13: =IF(((AH13*$A$1)*6)<$C$1,"-",IF(ROUNDUP((((AH13*100/107)*(1+($A$1*6)))/6)*1.07,0)<$B$1,"-",ROUNDUP(((((AH13*100/107)+$D13)*(1+($A$1*6)))/6)*1.07,0))) -> 6261 | AK13: =IF(((AH13*$A$1)*9)<$C$1,"-",IF(ROUNDUP((((AH13*100/107)*(1+($A$1*9)))/9)*1.07,0)<$B$1,"-",ROUNDUP(((((AH13*100/107)+$D13)*(1+($A$1*9)))/9)*1.07,0))) -> 4309 | AL13: =IF(((AH13*$A$1)*12)<$C$1,"-",IF(ROUNDUP((((AH13*100/107)*(1+($A$1*12)))/12)*1.07,0)<$B$1,"-",ROUNDUP(((((AH13*100/107)+$D13)*(1+($A$1*12)))/12)*1.07,0))) -> 3333 | AM13: =IF(((AH13*$A$1)*15)<$C$1,"-",IF(ROUNDUP((((AH13*100/107)*(1+($A$1*15)))/15)*1.07,0)<$B$1,"-",ROUNDUP(((((AH13*100/107)+$D13)*(1+($A$1*15)))/15)*1.07,0))) -> 2747 | AN13: =IF(((AH13*$A$1)*18)<$C$1,"-",IF(ROUNDUP((((AH13*100/107)*(1+($A$1*18)))/18)*1.07,0)<$B$1,"-",ROUNDUP(((((AH13*100/107)+$D13)*(1+($A$1*18)))/18)*1.07,0))) -> 2357 | AO13: =IF(((AH13*$A$1)*24)<$C$1,"-",IF(ROUNDUP((((AH13*100/107)*(1+($A$1*24)))/24)*1.07,0)<$B$1,"-",ROUNDUP(((((AH13*100/107)+$D13)*(1+($A$1*24)))/24)*1.07,0))) -> 1869 | AP13: =ROUNDUP($B13*40%,0) -> 19996 | AQ13: =$B13-AP13 -> 29994 | AR13: =AQ13+$D13 -> 32469 | AS13: =IF(((AQ13*$A$1)*6)<$C$1,"-",IF(ROUNDUP((((AQ13*100/107)*(1+($A$1*6)))/6)*1.07,0)<$B$1,"-",ROUNDUP(((((AQ13*100/107)+$D13)*(1+($A$1*6)))/6)*1.07,0))) -> 5816 | AT13: =IF(((AQ13*$A$1)*9)<$C$1,"-",IF(ROUNDUP((((AQ13*100/107)*(1+($A$1*9)))/9)*1.07,0)<$B$1,"-",ROUNDUP(((((AQ13*100/107)+$D13)*(1+($A$1*9)))/9)*1.07,0))) -> 4003 | AU13: =IF(((AQ13*$A$1)*12)<$C$1,"-",IF(ROUNDUP((((AQ13*100/107)*(1+($A$1*12)))/12)*1.07,0)<$B$1,"-",ROUNDUP(((((AQ13*100/107)+$D13)*(1+($A$1*12)))/12)*1.07,0))) -> 3096 | AV13: =IF(((AQ13*$A$1)*15)<$C$1,"-",IF(ROUNDUP((((AQ13*100/107)*(1+($A$1*15)))/15)*1.07,0)<$B$1,"-",ROUNDUP(((((AQ13*100/107)+$D13)*(1+($A$1*15)))/15)*1.07,0))) -> 2552 | AW13: =IF(((AQ13*$A$1)*18)<$C$1,"-",IF(ROUNDUP((((AQ13*100/107)*(1+($A$1*18)))/18)*1.07,0)<$B$1,"-",ROUNDUP(((((AQ13*100/107)+$D13)*(1+($A$1*18)))/18)*1.07,0))) -> 2189 | AX13: =IF(((AQ13*$A$1)*24)<$C$1,"-",IF(ROUNDUP((((AQ13*100/107)*(1+($A$1*24)))/24)*1.07,0)<$B$1,"-",ROUNDUP(((((AQ13*100/107)+$D13)*(1+($A$1*24)))/24)*1.07,0))) -> 1736
A14: {=IFERROR(INDEX('Product Price'!A:A,SMALL('Product Price'!$D:$D,12)),"")} -> HUAWEI Pura 90s 12/512 GB | B14: {=IFERROR(INDEX('Product Price'!B:B,SMALL('Product Price'!$D:$D,12)),"")} -> 38990 | C14: {=IFERROR(INDEX('Product Price'!C:C,SMALL('Product Price'!$D:$D,12)),"")} -> 178 | D14: =IF(AND(B14>=3900,B14<=10000),795,IF(AND(B14>=10001,B14<=20000),1450,IF(AND(B14>=20001,B14<=40000),1900,IF(AND(B14>=40001,B14<=60000),2475,IF(AND(B14>=60001,B14<=80000),4025,IF(AND(B14>=80001,B14<=100000),5175,IF(AND(B14>=100001,B14<=120000),6785,""))))))) -> 1900 | E14: =IFERROR(B14+D14,"") -> 40890 | F14: =IFERROR(ROUNDUP($B14*15%,0),"") -> 5849 | G14: =$B14-F14 -> 33141 | H14: =$G14+D14 -> 35041 | I14: =IF(((G14*$A$1)*6)<$C$1,"-",IF(ROUNDUP((((G14*100/107)*(1+($A$1*6)))/6)*1.07,0)<$B$1,"-",ROUNDUP(((((G14*100/107)+$D14)*(1+($A$1*6)))/6)*1.07,0))) -> 6267 | J14: =IF(((G14*$A$1)*9)<$C$1,"-",IF(ROUNDUP((((G14*100/107)*(1+($A$1*9)))/9)*1.07,0)<$B$1,"-",ROUNDUP(((((G14*100/107)+$D14)*(1+($A$1*9)))/9)*1.07,0))) -> 4313 | K14: =IF(((G14*$A$1)*12)<$C$1,"-",IF(ROUNDUP((((G14*100/107)*(1+($A$1*12)))/12)*1.07,0)<$B$1,"-",ROUNDUP(((((G14*100/107)+$D14)*(1+($A$1*12)))/12)*1.07,0))) -> 3336 | L14: =IF(((G14*$A$1)*15)<$C$1,"-",IF(ROUNDUP((((G14*100/107)*(1+($A$1*15)))/15)*1.07,0)<$B$1,"-",ROUNDUP(((((G14*100/107)+$D14)*(1+($A$1*15)))/15)*1.07,0))) -> 2750 | M14: =IF(((G14*$A$1)*18)<$C$1,"-",IF(ROUNDUP((((G14*100/107)*(1+($A$1*18)))/18)*1.07,0)<$B$1,"-",ROUNDUP(((((G14*100/107)+$D14)*(1+($A$1*18)))/18)*1.07,0))) -> 2359 | N14: =IF(((G14*$A$1)*24)<$C$1,"-",IF(ROUNDUP((((G14*100/107)*(1+($A$1*24)))/24)*1.07,0)<$B$1,"-",ROUNDUP(((((G14*100/107)+$D14)*(1+($A$1*24)))/24)*1.07,0))) -> 1871 | O14: =ROUNDUP($B14*20%,0) -> 7798 | P14: =$B14-O14 -> 31192 | Q14: =P14+$D14 -> 33092 | R14: =IF(((P14*$A$1)*6)<$C$1,"-",IF(ROUNDUP((((P14*100/107)*(1+($A$1*6)))/6)*1.07,0)<$B$1,"-",ROUNDUP(((((P14*100/107)+$D14)*(1+($A$1*6)))/6)*1.07,0))) -> 5920 | S14: =IF(((P14*$A$1)*9)<$C$1,"-",IF(ROUNDUP((((P14*100/107)*(1+($A$1*9)))/9)*1.07,0)<$B$1,"-",ROUNDUP(((((P14*100/107)+$D14)*(1+($A$1*9)))/9)*1.07,0))) -> 4074 | T14: =IF(((P14*$A$1)*12)<$C$1,"-",IF(ROUNDUP((((P14*100/107)*(1+($A$1*12)))/12)*1.07,0)<$B$1,"-",ROUNDUP(((((P14*100/107)+$D14)*(1+($A$1*12)))/12)*1.07,0))) -> 3151 | U14: =IF(((P14*$A$1)*15)<$C$1,"-",IF(ROUNDUP((((P14*100/107)*(1+($A$1*15)))/15)*1.07,0)<$B$1,"-",ROUNDUP(((((P14*100/107)+$D14)*(1+($A$1*15)))/15)*1.07,0))) -> 2598 | V14: =IF(((P14*$A$1)*18)<$C$1,"-",IF(ROUNDUP((((P14*100/107)*(1+($A$1*18)))/18)*1.07,0)<$B$1,"-",ROUNDUP(((((P14*100/107)+$D14)*(1+($A$1*18)))/18)*1.07,0))) -> 2228 | W14: =IF(((P14*$A$1)*24)<$C$1,"-",IF(ROUNDUP((((P14*100/107)*(1+($A$1*24)))/24)*1.07,0)<$B$1,"-",ROUNDUP(((((P14*100/107)+$D14)*(1+($A$1*24)))/24)*1.07,0))) -> 1767 | X14: =ROUNDUP($B14*25%,0) -> 9748 | Y14: =$B14-X14 -> 29242 | Z14: =Y14+$D14 -> 31142 | AA14: =IF(((Y14*$A$1)*6)<$C$1,"-",IF(ROUNDUP((((Y14*100/107)*(1+($A$1*6)))/6)*1.07,0)<$B$1,"-",ROUNDUP(((((Y14*100/107)+$D14)*(1+($A$1*6)))/6)*1.07,0))) -> 5573 | AB14: =IF(((Y14*$A$1)*9)<$C$1,"-",IF(ROUNDUP((((Y14*100/107)*(1+($A$1*9)))/9)*1.07,0)<$B$1,"-",ROUNDUP(((((Y14*100/107)+$D14)*(1+($A$1*9)))/9)*1.07,0))) -> 3835 | AC14: =IF(((Y14*$A$1)*12)<$C$1,"-",IF(ROUNDUP((((Y14*100/107)*(1+($A$1*12)))/12)*1.07,0)<$B$1,"-",ROUNDUP(((((Y14*100/107)+$D14)*(1+($A$1*12)))/12)*1.07,0))) -> 2966 | AD14: =IF(((Y14*$A$1)*15)<$C$1,"-",IF(ROUNDUP((((Y14*100/107)*(1+($A$1*15)))/15)*1.07,0)<$B$1,"-",ROUNDUP(((((Y14*100/107)+$D14)*(1+($A$1*15)))/15)*1.07,0))) -> 2445 | AE14: =IF(((Y14*$A$1)*18)<$C$1,"-",IF(ROUNDUP((((Y14*100/107)*(1+($A$1*18)))/18)*1.07,0)<$B$1,"-",ROUNDUP(((((Y14*100/107)+$D14)*(1+($A$1*18)))/18)*1.07,0))) -> 2098 | AF14: =IF(((Y14*$A$1)*24)<$C$1,"-",IF(ROUNDUP((((Y14*100/107)*(1+($A$1*24)))/24)*1.07,0)<$B$1,"-",ROUNDUP(((((Y14*100/107)+$D14)*(1+($A$1*24)))/24)*1.07,0))) -> 1663 | AG14: =ROUNDUP($B14*35%,0) -> 13647 | AH14: =$B14-AG14 -> 25343 | AI14: =AH14+$D14 -> 27243 | AJ14: =IF(((AH14*$A$1)*6)<$C$1,"-",IF(ROUNDUP((((AH14*100/107)*(1+($A$1*6)))/6)*1.07,0)<$B$1,"-",ROUNDUP(((((AH14*100/107)+$D14)*(1+($A$1*6)))/6)*1.07,0))) -> 4878 | AK14: =IF(((AH14*$A$1)*9)<$C$1,"-",IF(ROUNDUP((((AH14*100/107)*(1+($A$1*9)))/9)*1.07,0)<$B$1,"-",ROUNDUP(((((AH14*100/107)+$D14)*(1+($A$1*9)))/9)*1.07,0))) -> 3357 | AL14: =IF(((AH14*$A$1)*12)<$C$1,"-",IF(ROUNDUP((((AH14*100/107)*(1+($A$1*12)))/12)*1.07,0)<$B$1,"-",ROUNDUP(((((AH14*100/107)+$D14)*(1+($A$1*12)))/12)*1.07,0))) -> 2597 | AM14: =IF(((AH14*$A$1)*15)<$C$1,"-",IF(ROUNDUP((((AH14*100/107)*(1+($A$1*15)))/15)*1.07,0)<$B$1,"-",ROUNDUP(((((AH14*100/107)+$D14)*(1+($A$1*15)))/15)*1.07,0))) -> 2140 | AN14: =IF(((AH14*$A$1)*18)<$C$1,"-",IF(ROUNDUP((((AH14*100/107)*(1+($A$1*18)))/18)*1.07,0)<$B$1,"-",ROUNDUP(((((AH14*100/107)+$D14)*(1+($A$1*18)))/18)*1.07,0))) -> 1836 | AO14: =IF(((AH14*$A$1)*24)<$C$1,"-",IF(ROUNDUP((((AH14*100/107)*(1+($A$1*24)))/24)*1.07,0)<$B$1,"-",ROUNDUP(((((AH14*100/107)+$D14)*(1+($A$1*24)))/24)*1.07,0))) -> 1456 | AP14: =ROUNDUP($B14*40%,0) -> 15596 | AQ14: =$B14-AP14 -> 23394 | AR14: =AQ14+$D14 -> 25294 | AS14: =IF(((AQ14*$A$1)*6)<$C$1,"-",IF(ROUNDUP((((AQ14*100/107)*(1+($A$1*6)))/6)*1.07,0)<$B$1,"-",ROUNDUP(((((AQ14*100/107)+$D14)*(1+($A$1*6)))/6)*1.07,0))) -> 4531 | AT14: =IF(((AQ14*$A$1)*9)<$C$1,"-",IF(ROUNDUP((((AQ14*100/107)*(1+($A$1*9)))/9)*1.07,0)<$B$1,"-",ROUNDUP(((((AQ14*100/107)+$D14)*(1+($A$1*9)))/9)*1.07,0))) -> 3118 | AU14: =IF(((AQ14*$A$1)*12)<$C$1,"-",IF(ROUNDUP((((AQ14*100/107)*(1+($A$1*12)))/12)*1.07,0)<$B$1,"-",ROUNDUP(((((AQ14*100/107)+$D14)*(1+($A$1*12)))/12)*1.07,0))) -> 2412 | AV14: =IF(((AQ14*$A$1)*15)<$C$1,"-",IF(ROUNDUP((((AQ14*100/107)*(1+($A$1*15)))/15)*1.07,0)<$B$1,"-",ROUNDUP(((((AQ14*100/107)+$D14)*(1+($A$1*15)))/15)*1.07,0))) -> 1988 | AW14: =IF(((AQ14*$A$1)*18)<$C$1,"-",IF(ROUNDUP((((AQ14*100/107)*(1+($A$1*18)))/18)*1.07,0)<$B$1,"-",ROUNDUP(((((AQ14*100/107)+$D14)*(1+($A$1*18)))/18)*1.07,0))) -> 1706 | AX14: =IF(((AQ14*$A$1)*24)<$C$1,"-",IF(ROUNDUP((((AQ14*100/107)*(1+($A$1*24)))/24)*1.07,0)<$B$1,"-",ROUNDUP(((((AQ14*100/107)+$D14)*(1+($A$1*24)))/24)*1.07,0))) -> 1352
A15: {=IFERROR(INDEX('Product Price'!A:A,SMALL('Product Price'!$D:$D,13)),"")} -> HUAWEI Pura 90s 12/256 GB | B15: {=IFERROR(INDEX('Product Price'!B:B,SMALL('Product Price'!$D:$D,13)),"")} -> 34990 | C15: {=IFERROR(INDEX('Product Price'!C:C,SMALL('Product Price'!$D:$D,13)),"")} -> 179 | D15: =IF(AND(B15>=3900,B15<=10000),795,IF(AND(B15>=10001,B15<=20000),1450,IF(AND(B15>=20001,B15<=40000),1900,IF(AND(B15>=40001,B15<=60000),2475,IF(AND(B15>=60001,B15<=80000),4025,IF(AND(B15>=80001,B15<=100000),5175,IF(AND(B15>=100001,B15<=120000),6785,""))))))) -> 1900 | E15: =IFERROR(B15+D15,"") -> 36890 | F15: =IFERROR(ROUNDUP($B15*15%,0),"") -> 5249 | G15: =$B15-F15 -> 29741 | H15: =$G15+D15 -> 31641 | I15: =IF(((G15*$A$1)*6)<$C$1,"-",IF(ROUNDUP((((G15*100/107)*(1+($A$1*6)))/6)*1.07,0)<$B$1,"-",ROUNDUP(((((G15*100/107)+$D15)*(1+($A$1*6)))/6)*1.07,0))) -> 5662 | J15: =IF(((G15*$A$1)*9)<$C$1,"-",IF(ROUNDUP((((G15*100/107)*(1+($A$1*9)))/9)*1.07,0)<$B$1,"-",ROUNDUP(((((G15*100/107)+$D15)*(1+($A$1*9)))/9)*1.07,0))) -> 3896 | K15: =IF(((G15*$A$1)*12)<$C$1,"-",IF(ROUNDUP((((G15*100/107)*(1+($A$1*12)))/12)*1.07,0)<$B$1,"-",ROUNDUP(((((G15*100/107)+$D15)*(1+($A$1*12)))/12)*1.07,0))) -> 3014 | L15: =IF(((G15*$A$1)*15)<$C$1,"-",IF(ROUNDUP((((G15*100/107)*(1+($A$1*15)))/15)*1.07,0)<$B$1,"-",ROUNDUP(((((G15*100/107)+$D15)*(1+($A$1*15)))/15)*1.07,0))) -> 2484 | M15: =IF(((G15*$A$1)*18)<$C$1,"-",IF(ROUNDUP((((G15*100/107)*(1+($A$1*18)))/18)*1.07,0)<$B$1,"-",ROUNDUP(((((G15*100/107)+$D15)*(1+($A$1*18)))/18)*1.07,0))) -> 2131 | N15: =IF(((G15*$A$1)*24)<$C$1,"-",IF(ROUNDUP((((G15*100/107)*(1+($A$1*24)))/24)*1.07,0)<$B$1,"-",ROUNDUP(((((G15*100/107)+$D15)*(1+($A$1*24)))/24)*1.07,0))) -> 1690 | O15: =ROUNDUP($B15*20%,0) -> 6998 | P15: =$B15-O15 -> 27992 | Q15: =P15+$D15 -> 29892 | R15: =IF(((P15*$A$1)*6)<$C$1,"-",IF(ROUNDUP((((P15*100/107)*(1+($A$1*6)))/6)*1.07,0)<$B$1,"-",ROUNDUP(((((P15*100/107)+$D15)*(1+($A$1*6)))/6)*1.07,0))) -> 5350 | S15: =IF(((P15*$A$1)*9)<$C$1,"-",IF(ROUNDUP((((P15*100/107)*(1+($A$1*9)))/9)*1.07,0)<$B$1,"-",ROUNDUP(((((P15*100/107)+$D15)*(1+($A$1*9)))/9)*1.07,0))) -> 3682 | T15: =IF(((P15*$A$1)*12)<$C$1,"-",IF(ROUNDUP((((P15*100/107)*(1+($A$1*12)))/12)*1.07,0)<$B$1,"-",ROUNDUP(((((P15*100/107)+$D15)*(1+($A$1*12)))/12)*1.07,0))) -> 2848 | U15: =IF(((P15*$A$1)*15)<$C$1,"-",IF(ROUNDUP((((P15*100/107)*(1+($A$1*15)))/15)*1.07,0)<$B$1,"-",ROUNDUP(((((P15*100/107)+$D15)*(1+($A$1*15)))/15)*1.07,0))) -> 2347 | V15: =IF(((P15*$A$1)*18)<$C$1,"-",IF(ROUNDUP((((P15*100/107)*(1+($A$1*18)))/18)*1.07,0)<$B$1,"-",ROUNDUP(((((P15*100/107)+$D15)*(1+($A$1*18)))/18)*1.07,0))) -> 2014 | W15: =IF(((P15*$A$1)*24)<$C$1,"-",IF(ROUNDUP((((P15*100/107)*(1+($A$1*24)))/24)*1.07,0)<$B$1,"-",ROUNDUP(((((P15*100/107)+$D15)*(1+($A$1*24)))/24)*1.07,0))) -> 1597 | X15: =ROUNDUP($B15*25%,0) -> 8748 | Y15: =$B15-X15 -> 26242 | Z15: =Y15+$D15 -> 28142 | AA15: =IF(((Y15*$A$1)*6)<$C$1,"-",IF(ROUNDUP((((Y15*100/107)*(1+($A$1*6)))/6)*1.07,0)<$B$1,"-",ROUNDUP(((((Y15*100/107)+$D15)*(1+($A$1*6)))/6)*1.07,0))) -> 5038 | AB15: =IF(((Y15*$A$1)*9)<$C$1,"-",IF(ROUNDUP((((Y15*100/107)*(1+($A$1*9)))/9)*1.07,0)<$B$1,"-",ROUNDUP(((((Y15*100/107)+$D15)*(1+($A$1*9)))/9)*1.07,0))) -> 3467 | AC15: =IF(((Y15*$A$1)*12)<$C$1,"-",IF(ROUNDUP((((Y15*100/107)*(1+($A$1*12)))/12)*1.07,0)<$B$1,"-",ROUNDUP(((((Y15*100/107)+$D15)*(1+($A$1*12)))/12)*1.07,0))) -> 2682 | AD15: =IF(((Y15*$A$1)*15)<$C$1,"-",IF(ROUNDUP((((Y15*100/107)*(1+($A$1*15)))/15)*1.07,0)<$B$1,"-",ROUNDUP(((((Y15*100/107)+$D15)*(1+($A$1*15)))/15)*1.07,0))) -> 2211 | AE15: =IF(((Y15*$A$1)*18)<$C$1,"-",IF(ROUNDUP((((Y15*100/107)*(1+($A$1*18)))/18)*1.07,0)<$B$1,"-",ROUNDUP(((((Y15*100/107)+$D15)*(1+($A$1*18)))/18)*1.07,0))) -> 1896 | AF15: =IF(((Y15*$A$1)*24)<$C$1,"-",IF(ROUNDUP((((Y15*100/107)*(1+($A$1*24)))/24)*1.07,0)<$B$1,"-",ROUNDUP(((((Y15*100/107)+$D15)*(1+($A$1*24)))/24)*1.07,0))) -> 1504 | AG15: =ROUNDUP($B15*35%,0) -> 12247 | AH15: =$B15-AG15 -> 22743 | AI15: =AH15+$D15 -> 24643 | AJ15: =IF(((AH15*$A$1)*6)<$C$1,"-",IF(ROUNDUP((((AH15*100/107)*(1+($A$1*6)))/6)*1.07,0)<$B$1,"-",ROUNDUP(((((AH15*100/107)+$D15)*(1+($A$1*6)))/6)*1.07,0))) -> 4415 | AK15: =IF(((AH15*$A$1)*9)<$C$1,"-",IF(ROUNDUP((((AH15*100/107)*(1+($A$1*9)))/9)*1.07,0)<$B$1,"-",ROUNDUP(((((AH15*100/107)+$D15)*(1+($A$1*9)))/9)*1.07,0))) -> 3038 | AL15: =IF(((AH15*$A$1)*12)<$C$1,"-",IF(ROUNDUP((((AH15*100/107)*(1+($A$1*12)))/12)*1.07,0)<$B$1,"-",ROUNDUP(((((AH15*100/107)+$D15)*(1+($A$1*12)))/12)*1.07,0))) -> 2350 | AM15: =IF(((AH15*$A$1)*15)<$C$1,"-",IF(ROUNDUP((((AH15*100/107)*(1+($A$1*15)))/15)*1.07,0)<$B$1,"-",ROUNDUP(((((AH15*100/107)+$D15)*(1+($A$1*15)))/15)*1.07,0))) -> 1937 | AN15: =IF(((AH15*$A$1)*18)<$C$1,"-",IF(ROUNDUP((((AH15*100/107)*(1+($A$1*18)))/18)*1.07,0)<$B$1,"-",ROUNDUP(((((AH15*100/107)+$D15)*(1+($A$1*18)))/18)*1.07,0))) -> 1662 | AO15: =IF(((AH15*$A$1)*24)<$C$1,"-",IF(ROUNDUP((((AH15*100/107)*(1+($A$1*24)))/24)*1.07,0)<$B$1,"-",ROUNDUP(((((AH15*100/107)+$D15)*(1+($A$1*24)))/24)*1.07,0))) -> 1318 | AP15: =ROUNDUP($B15*40%,0) -> 13996 | AQ15: =$B15-AP15 -> 20994 | AR15: =AQ15+$D15 -> 22894 | AS15: =IF(((AQ15*$A$1)*6)<$C$1,"-",IF(ROUNDUP((((AQ15*100/107)*(1+($A$1*6)))/6)*1.07,0)<$B$1,"-",ROUNDUP(((((AQ15*100/107)+$D15)*(1+($A$1*6)))/6)*1.07,0))) -> 4103 | AT15: =IF(((AQ15*$A$1)*9)<$C$1,"-",IF(ROUNDUP((((AQ15*100/107)*(1+($A$1*9)))/9)*1.07,0)<$B$1,"-",ROUNDUP(((((AQ15*100/107)+$D15)*(1+($A$1*9)))/9)*1.07,0))) -> 2824 | AU15: =IF(((AQ15*$A$1)*12)<$C$1,"-",IF(ROUNDUP((((AQ15*100/107)*(1+($A$1*12)))/12)*1.07,0)<$B$1,"-",ROUNDUP(((((AQ15*100/107)+$D15)*(1+($A$1*12)))/12)*1.07,0))) -> 2184 | AV15: =IF(((AQ15*$A$1)*15)<$C$1,"-",IF(ROUNDUP((((AQ15*100/107)*(1+($A$1*15)))/15)*1.07,0)<$B$1,"-",ROUNDUP(((((AQ15*100/107)+$D15)*(1+($A$1*15)))/15)*1.07,0))) -> 1800 | AW15: =IF(((AQ15*$A$1)*18)<$C$1,"-",IF(ROUNDUP((((AQ15*100/107)*(1+($A$1*18)))/18)*1.07,0)<$B$1,"-",ROUNDUP(((((AQ15*100/107)+$D15)*(1+($A$1*18)))/18)*1.07,0))) -> 1545 | AX15: =IF(((AQ15*$A$1)*24)<$C$1,"-",IF(ROUNDUP((((AQ15*100/107)*(1+($A$1*24)))/24)*1.07,0)<$B$1,"-",ROUNDUP(((((AQ15*100/107)+$D15)*(1+($A$1*24)))/24)*1.07,0))) -> 1225
A16: {=IFERROR(INDEX('Product Price'!A:A,SMALL('Product Price'!$D:$D,14)),"")} -> HUAWEI 80 Pro 16/512 GB | B16: {=IFERROR(INDEX('Product Price'!B:B,SMALL('Product Price'!$D:$D,14)),"")} -> 37990 | C16: {=IFERROR(INDEX('Product Price'!C:C,SMALL('Product Price'!$D:$D,14)),"")} -> 8 | D16: =IF(AND(B16>=3900,B16<=10000),795,IF(AND(B16>=10001,B16<=20000),1450,IF(AND(B16>=20001,B16<=40000),1900,IF(AND(B16>=40001,B16<=60000),2475,IF(AND(B16>=60001,B16<=80000),4025,IF(AND(B16>=80001,B16<=100000),5175,IF(AND(B16>=100001,B16<=120000),6785,""))))))) -> 1900 | E16: =IFERROR(B16+D16,"") -> 39890 | F16: =IFERROR(ROUNDUP($B16*15%,0),"") -> 5699 | G16: =$B16-F16 -> 32291 | H16: =$G16+D16 -> 34191 | I16: =IF(((G16*$A$1)*6)<$C$1,"-",IF(ROUNDUP((((G16*100/107)*(1+($A$1*6)))/6)*1.07,0)<$B$1,"-",ROUNDUP(((((G16*100/107)+$D16)*(1+($A$1*6)))/6)*1.07,0))) -> 6116 | J16: =IF(((G16*$A$1)*9)<$C$1,"-",IF(ROUNDUP((((G16*100/107)*(1+($A$1*9)))/9)*1.07,0)<$B$1,"-",ROUNDUP(((((G16*100/107)+$D16)*(1+($A$1*9)))/9)*1.07,0))) -> 4209 | K16: =IF(((G16*$A$1)*12)<$C$1,"-",IF(ROUNDUP((((G16*100/107)*(1+($A$1*12)))/12)*1.07,0)<$B$1,"-",ROUNDUP(((((G16*100/107)+$D16)*(1+($A$1*12)))/12)*1.07,0))) -> 3256 | L16: =IF(((G16*$A$1)*15)<$C$1,"-",IF(ROUNDUP((((G16*100/107)*(1+($A$1*15)))/15)*1.07,0)<$B$1,"-",ROUNDUP(((((G16*100/107)+$D16)*(1+($A$1*15)))/15)*1.07,0))) -> 2683 | M16: =IF(((G16*$A$1)*18)<$C$1,"-",IF(ROUNDUP((((G16*100/107)*(1+($A$1*18)))/18)*1.07,0)<$B$1,"-",ROUNDUP(((((G16*100/107)+$D16)*(1+($A$1*18)))/18)*1.07,0))) -> 2302 | N16: =IF(((G16*$A$1)*24)<$C$1,"-",IF(ROUNDUP((((G16*100/107)*(1+($A$1*24)))/24)*1.07,0)<$B$1,"-",ROUNDUP(((((G16*100/107)+$D16)*(1+($A$1*24)))/24)*1.07,0))) -> 1825 | O16: =ROUNDUP($B16*20%,0) -> 7598 | P16: =$B16-O16 -> 30392 | Q16: =P16+$D16 -> 32292 | R16: =IF(((P16*$A$1)*6)<$C$1,"-",IF(ROUNDUP((((P16*100/107)*(1+($A$1*6)))/6)*1.07,0)<$B$1,"-",ROUNDUP(((((P16*100/107)+$D16)*(1+($A$1*6)))/6)*1.07,0))) -> 5778 | S16: =IF(((P16*$A$1)*9)<$C$1,"-",IF(ROUNDUP((((P16*100/107)*(1+($A$1*9)))/9)*1.07,0)<$B$1,"-",ROUNDUP(((((P16*100/107)+$D16)*(1+($A$1*9)))/9)*1.07,0))) -> 3976 | T16: =IF(((P16*$A$1)*12)<$C$1,"-",IF(ROUNDUP((((P16*100/107)*(1+($A$1*12)))/12)*1.07,0)<$B$1,"-",ROUNDUP(((((P16*100/107)+$D16)*(1+($A$1*12)))/12)*1.07,0))) -> 3075 | U16: =IF(((P16*$A$1)*15)<$C$1,"-",IF(ROUNDUP((((P16*100/107)*(1+($A$1*15)))/15)*1.07,0)<$B$1,"-",ROUNDUP(((((P16*100/107)+$D16)*(1+($A$1*15)))/15)*1.07,0))) -> 2535 | V16: =IF(((P16*$A$1)*18)<$C$1,"-",IF(ROUNDUP((((P16*100/107)*(1+($A$1*18)))/18)*1.07,0)<$B$1,"-",ROUNDUP(((((P16*100/107)+$D16)*(1+($A$1*18)))/18)*1.07,0))) -> 2175 | W16: =IF(((P16*$A$1)*24)<$C$1,"-",IF(ROUNDUP((((P16*100/107)*(1+($A$1*24)))/24)*1.07,0)<$B$1,"-",ROUNDUP(((((P16*100/107)+$D16)*(1+($A$1*24)))/24)*1.07,0))) -> 1724 | X16: =ROUNDUP($B16*25%,0) -> 9498 | Y16: =$B16-X16 -> 28492 | Z16: =Y16+$D16 -> 30392 | AA16: =IF(((Y16*$A$1)*6)<$C$1,"-",IF(ROUNDUP((((Y16*100/107)*(1+($A$1*6)))/6)*1.07,0)<$B$1,"-",ROUNDUP(((((Y16*100/107)+$D16)*(1+($A$1*6)))/6)*1.07,0))) -> 5439 | AB16: =IF(((Y16*$A$1)*9)<$C$1,"-",IF(ROUNDUP((((Y16*100/107)*(1+($A$1*9)))/9)*1.07,0)<$B$1,"-",ROUNDUP(((((Y16*100/107)+$D16)*(1+($A$1*9)))/9)*1.07,0))) -> 3743 | AC16: =IF(((Y16*$A$1)*12)<$C$1,"-",IF(ROUNDUP((((Y16*100/107)*(1+($A$1*12)))/12)*1.07,0)<$B$1,"-",ROUNDUP(((((Y16*100/107)+$D16)*(1+($A$1*12)))/12)*1.07,0))) -> 2895 | AD16: =IF(((Y16*$A$1)*15)<$C$1,"-",IF(ROUNDUP((((Y16*100/107)*(1+($A$1*15)))/15)*1.07,0)<$B$1,"-",ROUNDUP(((((Y16*100/107)+$D16)*(1+($A$1*15)))/15)*1.07,0))) -> 2387 | AE16: =IF(((Y16*$A$1)*18)<$C$1,"-",IF(ROUNDUP((((Y16*100/107)*(1+($A$1*18)))/18)*1.07,0)<$B$1,"-",ROUNDUP(((((Y16*100/107)+$D16)*(1+($A$1*18)))/18)*1.07,0))) -> 2047 | AF16: =IF(((Y16*$A$1)*24)<$C$1,"-",IF(ROUNDUP((((Y16*100/107)*(1+($A$1*24)))/24)*1.07,0)<$B$1,"-",ROUNDUP(((((Y16*100/107)+$D16)*(1+($A$1*24)))/24)*1.07,0))) -> 1623 | AG16: =ROUNDUP($B16*35%,0) -> 13297 | AH16: =$B16-AG16 -> 24693 | AI16: =AH16+$D16 -> 26593 | AJ16: =IF(((AH16*$A$1)*6)<$C$1,"-",IF(ROUNDUP((((AH16*100/107)*(1+($A$1*6)))/6)*1.07,0)<$B$1,"-",ROUNDUP(((((AH16*100/107)+$D16)*(1+($A$1*6)))/6)*1.07,0))) -> 4762 | AK16: =IF(((AH16*$A$1)*9)<$C$1,"-",IF(ROUNDUP((((AH16*100/107)*(1+($A$1*9)))/9)*1.07,0)<$B$1,"-",ROUNDUP(((((AH16*100/107)+$D16)*(1+($A$1*9)))/9)*1.07,0))) -> 3277 | AL16: =IF(((AH16*$A$1)*12)<$C$1,"-",IF(ROUNDUP((((AH16*100/107)*(1+($A$1*12)))/12)*1.07,0)<$B$1,"-",ROUNDUP(((((AH16*100/107)+$D16)*(1+($A$1*12)))/12)*1.07,0))) -> 2535 | AM16: =IF(((AH16*$A$1)*15)<$C$1,"-",IF(ROUNDUP((((AH16*100/107)*(1+($A$1*15)))/15)*1.07,0)<$B$1,"-",ROUNDUP(((((AH16*100/107)+$D16)*(1+($A$1*15)))/15)*1.07,0))) -> 2090 | AN16: =IF(((AH16*$A$1)*18)<$C$1,"-",IF(ROUNDUP((((AH16*100/107)*(1+($A$1*18)))/18)*1.07,0)<$B$1,"-",ROUNDUP(((((AH16*100/107)+$D16)*(1+($A$1*18)))/18)*1.07,0))) -> 1793 | AO16: =IF(((AH16*$A$1)*24)<$C$1,"-",IF(ROUNDUP((((AH16*100/107)*(1+($A$1*24)))/24)*1.07,0)<$B$1,"-",ROUNDUP(((((AH16*100/107)+$D16)*(1+($A$1*24)))/24)*1.07,0))) -> 1421 | AP16: =ROUNDUP($B16*40%,0) -> 15196 | AQ16: =$B16-AP16 -> 22794 | AR16: =AQ16+$D16 -> 24694 | AS16: =IF(((AQ16*$A$1)*6)<$C$1,"-",IF(ROUNDUP((((AQ16*100/107)*(1+($A$1*6)))/6)*1.07,0)<$B$1,"-",ROUNDUP(((((AQ16*100/107)+$D16)*(1+($A$1*6)))/6)*1.07,0))) -> 4424 | AT16: =IF(((AQ16*$A$1)*9)<$C$1,"-",IF(ROUNDUP((((AQ16*100/107)*(1+($A$1*9)))/9)*1.07,0)<$B$1,"-",ROUNDUP(((((AQ16*100/107)+$D16)*(1+($A$1*9)))/9)*1.07,0))) -> 3045 | AU16: =IF(((AQ16*$A$1)*12)<$C$1,"-",IF(ROUNDUP((((AQ16*100/107)*(1+($A$1*12)))/12)*1.07,0)<$B$1,"-",ROUNDUP(((((AQ16*100/107)+$D16)*(1+($A$1*12)))/12)*1.07,0))) -> 2355 | AV16: =IF(((AQ16*$A$1)*15)<$C$1,"-",IF(ROUNDUP((((AQ16*100/107)*(1+($A$1*15)))/15)*1.07,0)<$B$1,"-",ROUNDUP(((((AQ16*100/107)+$D16)*(1+($A$1*15)))/15)*1.07,0))) -> 1941 | AW16: =IF(((AQ16*$A$1)*18)<$C$1,"-",IF(ROUNDUP((((AQ16*100/107)*(1+($A$1*18)))/18)*1.07,0)<$B$1,"-",ROUNDUP(((((AQ16*100/107)+$D16)*(1+($A$1*18)))/18)*1.07,0))) -> 1665 | AX16: =IF(((AQ16*$A$1)*24)<$C$1,"-",IF(ROUNDUP((((AQ16*100/107)*(1+($A$1*24)))/24)*1.07,0)<$B$1,"-",ROUNDUP(((((AQ16*100/107)+$D16)*(1+($A$1*24)))/24)*1.07,0))) -> 1320
A17: {=IFERROR(INDEX('Product Price'!A:A,SMALL('Product Price'!$D:$D,15)),"")} -> HUAWEI Pura 80 Ultra 16/512 GB | B17: {=IFERROR(INDEX('Product Price'!B:B,SMALL('Product Price'!$D:$D,15)),"")} -> 39990 | C17: {=IFERROR(INDEX('Product Price'!C:C,SMALL('Product Price'!$D:$D,15)),"")} -> 9 | D17: =IF(AND(B17>=3900,B17<=10000),795,IF(AND(B17>=10001,B17<=20000),1450,IF(AND(B17>=20001,B17<=40000),1900,IF(AND(B17>=40001,B17<=60000),2475,IF(AND(B17>=60001,B17<=80000),4025,IF(AND(B17>=80001,B17<=100000),5175,IF(AND(B17>=100001,B17<=120000),6785,""))))))) -> 1900 | E17: =IFERROR(B17+D17,"") -> 41890 | F17: =IFERROR(ROUNDUP($B17*15%,0),"") -> 5999 | G17: =$B17-F17 -> 33991 | H17: =$G17+D17 -> 35891 | I17: =IF(((G17*$A$1)*6)<$C$1,"-",IF(ROUNDUP((((G17*100/107)*(1+($A$1*6)))/6)*1.07,0)<$B$1,"-",ROUNDUP(((((G17*100/107)+$D17)*(1+($A$1*6)))/6)*1.07,0))) -> 6419 | J17: =IF(((G17*$A$1)*9)<$C$1,"-",IF(ROUNDUP((((G17*100/107)*(1+($A$1*9)))/9)*1.07,0)<$B$1,"-",ROUNDUP(((((G17*100/107)+$D17)*(1+($A$1*9)))/9)*1.07,0))) -> 4417 | K17: =IF(((G17*$A$1)*12)<$C$1,"-",IF(ROUNDUP((((G17*100/107)*(1+($A$1*12)))/12)*1.07,0)<$B$1,"-",ROUNDUP(((((G17*100/107)+$D17)*(1+($A$1*12)))/12)*1.07,0))) -> 3417 | L17: =IF(((G17*$A$1)*15)<$C$1,"-",IF(ROUNDUP((((G17*100/107)*(1+($A$1*15)))/15)*1.07,0)<$B$1,"-",ROUNDUP(((((G17*100/107)+$D17)*(1+($A$1*15)))/15)*1.07,0))) -> 2816 | M17: =IF(((G17*$A$1)*18)<$C$1,"-",IF(ROUNDUP((((G17*100/107)*(1+($A$1*18)))/18)*1.07,0)<$B$1,"-",ROUNDUP(((((G17*100/107)+$D17)*(1+($A$1*18)))/18)*1.07,0))) -> 2416 | N17: =IF(((G17*$A$1)*24)<$C$1,"-",IF(ROUNDUP((((G17*100/107)*(1+($A$1*24)))/24)*1.07,0)<$B$1,"-",ROUNDUP(((((G17*100/107)+$D17)*(1+($A$1*24)))/24)*1.07,0))) -> 1916 | O17: =ROUNDUP($B17*20%,0) -> 7998 | P17: =$B17-O17 -> 31992 | Q17: =P17+$D17 -> 33892 | R17: =IF(((P17*$A$1)*6)<$C$1,"-",IF(ROUNDUP((((P17*100/107)*(1+($A$1*6)))/6)*1.07,0)<$B$1,"-",ROUNDUP(((((P17*100/107)+$D17)*(1+($A$1*6)))/6)*1.07,0))) -> 6063 | S17: =IF(((P17*$A$1)*9)<$C$1,"-",IF(ROUNDUP((((P17*100/107)*(1+($A$1*9)))/9)*1.07,0)<$B$1,"-",ROUNDUP(((((P17*100/107)+$D17)*(1+($A$1*9)))/9)*1.07,0))) -> 4172 | T17: =IF(((P17*$A$1)*12)<$C$1,"-",IF(ROUNDUP((((P17*100/107)*(1+($A$1*12)))/12)*1.07,0)<$B$1,"-",ROUNDUP(((((P17*100/107)+$D17)*(1+($A$1*12)))/12)*1.07,0))) -> 3227 | U17: =IF(((P17*$A$1)*15)<$C$1,"-",IF(ROUNDUP((((P17*100/107)*(1+($A$1*15)))/15)*1.07,0)<$B$1,"-",ROUNDUP(((((P17*100/107)+$D17)*(1+($A$1*15)))/15)*1.07,0))) -> 2660 | V17: =IF(((P17*$A$1)*18)<$C$1,"-",IF(ROUNDUP((((P17*100/107)*(1+($A$1*18)))/18)*1.07,0)<$B$1,"-",ROUNDUP(((((P17*100/107)+$D17)*(1+($A$1*18)))/18)*1.07,0))) -> 2282 | W17: =IF(((P17*$A$1)*24)<$C$1,"-",IF(ROUNDUP((((P17*100/107)*(1+($A$1*24)))/24)*1.07,0)<$B$1,"-",ROUNDUP(((((P17*100/107)+$D17)*(1+($A$1*24)))/24)*1.07,0))) -> 1809 | X17: =ROUNDUP($B17*25%,0) -> 9998 | Y17: =$B17-X17 -> 29992 | Z17: =Y17+$D17 -> 31892 | AA17: =IF(((Y17*$A$1)*6)<$C$1,"-",IF(ROUNDUP((((Y17*100/107)*(1+($A$1*6)))/6)*1.07,0)<$B$1,"-",ROUNDUP(((((Y17*100/107)+$D17)*(1+($A$1*6)))/6)*1.07,0))) -> 5706 | AB17: =IF(((Y17*$A$1)*9)<$C$1,"-",IF(ROUNDUP((((Y17*100/107)*(1+($A$1*9)))/9)*1.07,0)<$B$1,"-",ROUNDUP(((((Y17*100/107)+$D17)*(1+($A$1*9)))/9)*1.07,0))) -> 3927 | AC17: =IF(((Y17*$A$1)*12)<$C$1,"-",IF(ROUNDUP((((Y17*100/107)*(1+($A$1*12)))/12)*1.07,0)<$B$1,"-",ROUNDUP(((((Y17*100/107)+$D17)*(1+($A$1*12)))/12)*1.07,0))) -> 3038 | AD17: =IF(((Y17*$A$1)*15)<$C$1,"-",IF(ROUNDUP((((Y17*100/107)*(1+($A$1*15)))/15)*1.07,0)<$B$1,"-",ROUNDUP(((((Y17*100/107)+$D17)*(1+($A$1*15)))/15)*1.07,0))) -> 2504 | AE17: =IF(((Y17*$A$1)*18)<$C$1,"-",IF(ROUNDUP((((Y17*100/107)*(1+($A$1*18)))/18)*1.07,0)<$B$1,"-",ROUNDUP(((((Y17*100/107)+$D17)*(1+($A$1*18)))/18)*1.07,0))) -> 2148 | AF17: =IF(((Y17*$A$1)*24)<$C$1,"-",IF(ROUNDUP((((Y17*100/107)*(1+($A$1*24)))/24)*1.07,0)<$B$1,"-",ROUNDUP(((((Y17*100/107)+$D17)*(1+($A$1*24)))/24)*1.07,0))) -> 1703 | AG17: =ROUNDUP($B17*35%,0) -> 13997 | AH17: =$B17-AG17 -> 25993 | AI17: =AH17+$D17 -> 27893 | AJ17: =IF(((AH17*$A$1)*6)<$C$1,"-",IF(ROUNDUP((((AH17*100/107)*(1+($A$1*6)))/6)*1.07,0)<$B$1,"-",ROUNDUP(((((AH17*100/107)+$D17)*(1+($A$1*6)))/6)*1.07,0))) -> 4994 | AK17: =IF(((AH17*$A$1)*9)<$C$1,"-",IF(ROUNDUP((((AH17*100/107)*(1+($A$1*9)))/9)*1.07,0)<$B$1,"-",ROUNDUP(((((AH17*100/107)+$D17)*(1+($A$1*9)))/9)*1.07,0))) -> 3437 | AL17: =IF(((AH17*$A$1)*12)<$C$1,"-",IF(ROUNDUP((((AH17*100/107)*(1+($A$1*12)))/12)*1.07,0)<$B$1,"-",ROUNDUP(((((AH17*100/107)+$D17)*(1+($A$1*12)))/12)*1.07,0))) -> 2658 | AM17: =IF(((AH17*$A$1)*15)<$C$1,"-",IF(ROUNDUP((((AH17*100/107)*(1+($A$1*15)))/15)*1.07,0)<$B$1,"-",ROUNDUP(((((AH17*100/107)+$D17)*(1+($A$1*15)))/15)*1.07,0))) -> 2191 | AN17: =IF(((AH17*$A$1)*18)<$C$1,"-",IF(ROUNDUP((((AH17*100/107)*(1+($A$1*18)))/18)*1.07,0)<$B$1,"-",ROUNDUP(((((AH17*100/107)+$D17)*(1+($A$1*18)))/18)*1.07,0))) -> 1880 | AO17: =IF(((AH17*$A$1)*24)<$C$1,"-",IF(ROUNDUP((((AH17*100/107)*(1+($A$1*24)))/24)*1.07,0)<$B$1,"-",ROUNDUP(((((AH17*100/107)+$D17)*(1+($A$1*24)))/24)*1.07,0))) -> 1491 | AP17: =ROUNDUP($B17*40%,0) -> 15996 | AQ17: =$B17-AP17 -> 23994 | AR17: =AQ17+$D17 -> 25894 | AS17: =IF(((AQ17*$A$1)*6)<$C$1,"-",IF(ROUNDUP((((AQ17*100/107)*(1+($A$1*6)))/6)*1.07,0)<$B$1,"-",ROUNDUP(((((AQ17*100/107)+$D17)*(1+($A$1*6)))/6)*1.07,0))) -> 4638 | AT17: =IF(((AQ17*$A$1)*9)<$C$1,"-",IF(ROUNDUP((((AQ17*100/107)*(1+($A$1*9)))/9)*1.07,0)<$B$1,"-",ROUNDUP(((((AQ17*100/107)+$D17)*(1+($A$1*9)))/9)*1.07,0))) -> 3192 | AU17: =IF(((AQ17*$A$1)*12)<$C$1,"-",IF(ROUNDUP((((AQ17*100/107)*(1+($A$1*12)))/12)*1.07,0)<$B$1,"-",ROUNDUP(((((AQ17*100/107)+$D17)*(1+($A$1*12)))/12)*1.07,0))) -> 2469 | AV17: =IF(((AQ17*$A$1)*15)<$C$1,"-",IF(ROUNDUP((((AQ17*100/107)*(1+($A$1*15)))/15)*1.07,0)<$B$1,"-",ROUNDUP(((((AQ17*100/107)+$D17)*(1+($A$1*15)))/15)*1.07,0))) -> 2035 | AW17: =IF(((AQ17*$A$1)*18)<$C$1,"-",IF(ROUNDUP((((AQ17*100/107)*(1+($A$1*18)))/18)*1.07,0)<$B$1,"-",ROUNDUP(((((AQ17*100/107)+$D17)*(1+($A$1*18)))/18)*1.07,0))) -> 1746 | AX17: =IF(((AQ17*$A$1)*24)<$C$1,"-",IF(ROUNDUP((((AQ17*100/107)*(1+($A$1*24)))/24)*1.07,0)<$B$1,"-",ROUNDUP(((((AQ17*100/107)+$D17)*(1+($A$1*24)))/24)*1.07,0))) -> 1384
A18: {=IFERROR(INDEX('Product Price'!A:A,SMALL('Product Price'!$D:$D,16)),"")} -> HUAWEI Pura 80 Pro 12/512 GB | B18: {=IFERROR(INDEX('Product Price'!B:B,SMALL('Product Price'!$D:$D,16)),"")} -> 29990 | C18: {=IFERROR(INDEX('Product Price'!C:C,SMALL('Product Price'!$D:$D,16)),"")} -> 10 | D18: =IF(AND(B18>=3900,B18<=10000),795,IF(AND(B18>=10001,B18<=20000),1450,IF(AND(B18>=20001,B18<=40000),1900,IF(AND(B18>=40001,B18<=60000),2475,IF(AND(B18>=60001,B18<=80000),4025,IF(AND(B18>=80001,B18<=100000),5175,IF(AND(B18>=100001,B18<=120000),6785,""))))))) -> 1900 | E18: =IFERROR(B18+D18,"") -> 31890 | F18: =IFERROR(ROUNDUP($B18*15%,0),"") -> 4499 | G18: =$B18-F18 -> 25491 | H18: =$G18+D18 -> 27391 | I18: =IF(((G18*$A$1)*6)<$C$1,"-",IF(ROUNDUP((((G18*100/107)*(1+($A$1*6)))/6)*1.07,0)<$B$1,"-",ROUNDUP(((((G18*100/107)+$D18)*(1+($A$1*6)))/6)*1.07,0))) -> 4904 | J18: =IF(((G18*$A$1)*9)<$C$1,"-",IF(ROUNDUP((((G18*100/107)*(1+($A$1*9)))/9)*1.07,0)<$B$1,"-",ROUNDUP(((((G18*100/107)+$D18)*(1+($A$1*9)))/9)*1.07,0))) -> 3375 | K18: =IF(((G18*$A$1)*12)<$C$1,"-",IF(ROUNDUP((((G18*100/107)*(1+($A$1*12)))/12)*1.07,0)<$B$1,"-",ROUNDUP(((((G18*100/107)+$D18)*(1+($A$1*12)))/12)*1.07,0))) -> 2611 | L18: =IF(((G18*$A$1)*15)<$C$1,"-",IF(ROUNDUP((((G18*100/107)*(1+($A$1*15)))/15)*1.07,0)<$B$1,"-",ROUNDUP(((((G18*100/107)+$D18)*(1+($A$1*15)))/15)*1.07,0))) -> 2152 | M18: =IF(((G18*$A$1)*18)<$C$1,"-",IF(ROUNDUP((((G18*100/107)*(1+($A$1*18)))/18)*1.07,0)<$B$1,"-",ROUNDUP(((((G18*100/107)+$D18)*(1+($A$1*18)))/18)*1.07,0))) -> 1846 | N18: =IF(((G18*$A$1)*24)<$C$1,"-",IF(ROUNDUP((((G18*100/107)*(1+($A$1*24)))/24)*1.07,0)<$B$1,"-",ROUNDUP(((((G18*100/107)+$D18)*(1+($A$1*24)))/24)*1.07,0))) -> 1464 | O18: =ROUNDUP($B18*20%,0) -> 5998 | P18: =$B18-O18 -> 23992 | Q18: =P18+$D18 -> 25892 | R18: =IF(((P18*$A$1)*6)<$C$1,"-",IF(ROUNDUP((((P18*100/107)*(1+($A$1*6)))/6)*1.07,0)<$B$1,"-",ROUNDUP(((((P18*100/107)+$D18)*(1+($A$1*6)))/6)*1.07,0))) -> 4637 | S18: =IF(((P18*$A$1)*9)<$C$1,"-",IF(ROUNDUP((((P18*100/107)*(1+($A$1*9)))/9)*1.07,0)<$B$1,"-",ROUNDUP(((((P18*100/107)+$D18)*(1+($A$1*9)))/9)*1.07,0))) -> 3191 | T18: =IF(((P18*$A$1)*12)<$C$1,"-",IF(ROUNDUP((((P18*100/107)*(1+($A$1*12)))/12)*1.07,0)<$B$1,"-",ROUNDUP(((((P18*100/107)+$D18)*(1+($A$1*12)))/12)*1.07,0))) -> 2469 | U18: =IF(((P18*$A$1)*15)<$C$1,"-",IF(ROUNDUP((((P18*100/107)*(1+($A$1*15)))/15)*1.07,0)<$B$1,"-",ROUNDUP(((((P18*100/107)+$D18)*(1+($A$1*15)))/15)*1.07,0))) -> 2035 | V18: =IF(((P18*$A$1)*18)<$C$1,"-",IF(ROUNDUP((((P18*100/107)*(1+($A$1*18)))/18)*1.07,0)<$B$1,"-",ROUNDUP(((((P18*100/107)+$D18)*(1+($A$1*18)))/18)*1.07,0))) -> 1746 | W18: =IF(((P18*$A$1)*24)<$C$1,"-",IF(ROUNDUP((((P18*100/107)*(1+($A$1*24)))/24)*1.07,0)<$B$1,"-",ROUNDUP(((((P18*100/107)+$D18)*(1+($A$1*24)))/24)*1.07,0))) -> 1384 | X18: =ROUNDUP($B18*25%,0) -> 7498 | Y18: =$B18-X18 -> 22492 | Z18: =Y18+$D18 -> 24392 | AA18: =IF(((Y18*$A$1)*6)<$C$1,"-",IF(ROUNDUP((((Y18*100/107)*(1+($A$1*6)))/6)*1.07,0)<$B$1,"-",ROUNDUP(((((Y18*100/107)+$D18)*(1+($A$1*6)))/6)*1.07,0))) -> 4370 | AB18: =IF(((Y18*$A$1)*9)<$C$1,"-",IF(ROUNDUP((((Y18*100/107)*(1+($A$1*9)))/9)*1.07,0)<$B$1,"-",ROUNDUP(((((Y18*100/107)+$D18)*(1+($A$1*9)))/9)*1.07,0))) -> 3008 | AC18: =IF(((Y18*$A$1)*12)<$C$1,"-",IF(ROUNDUP((((Y18*100/107)*(1+($A$1*12)))/12)*1.07,0)<$B$1,"-",ROUNDUP(((((Y18*100/107)+$D18)*(1+($A$1*12)))/12)*1.07,0))) -> 2326 | AD18: =IF(((Y18*$A$1)*15)<$C$1,"-",IF(ROUNDUP((((Y18*100/107)*(1+($A$1*15)))/15)*1.07,0)<$B$1,"-",ROUNDUP(((((Y18*100/107)+$D18)*(1+($A$1*15)))/15)*1.07,0))) -> 1918 | AE18: =IF(((Y18*$A$1)*18)<$C$1,"-",IF(ROUNDUP((((Y18*100/107)*(1+($A$1*18)))/18)*1.07,0)<$B$1,"-",ROUNDUP(((((Y18*100/107)+$D18)*(1+($A$1*18)))/18)*1.07,0))) -> 1645 | AF18: =IF(((Y18*$A$1)*24)<$C$1,"-",IF(ROUNDUP((((Y18*100/107)*(1+($A$1*24)))/24)*1.07,0)<$B$1,"-",ROUNDUP(((((Y18*100/107)+$D18)*(1+($A$1*24)))/24)*1.07,0))) -> 1304 | AG18: =ROUNDUP($B18*35%,0) -> 10497 | AH18: =$B18-AG18 -> 19493 | AI18: =AH18+$D18 -> 21393 | AJ18: =IF(((AH18*$A$1)*6)<$C$1,"-",IF(ROUNDUP((((AH18*100/107)*(1+($A$1*6)))/6)*1.07,0)<$B$1,"-",ROUNDUP(((((AH18*100/107)+$D18)*(1+($A$1*6)))/6)*1.07,0))) -> 3836 | AK18: =IF(((AH18*$A$1)*9)<$C$1,"-",IF(ROUNDUP((((AH18*100/107)*(1+($A$1*9)))/9)*1.07,0)<$B$1,"-",ROUNDUP(((((AH18*100/107)+$D18)*(1+($A$1*9)))/9)*1.07,0))) -> 2640 | AL18: =IF(((AH18*$A$1)*12)<$C$1,"-",IF(ROUNDUP((((AH18*100/107)*(1+($A$1*12)))/12)*1.07,0)<$B$1,"-",ROUNDUP(((((AH18*100/107)+$D18)*(1+($A$1*12)))/12)*1.07,0))) -> 2042 | AM18: =IF(((AH18*$A$1)*15)<$C$1,"-",IF(ROUNDUP((((AH18*100/107)*(1+($A$1*15)))/15)*1.07,0)<$B$1,"-",ROUNDUP(((((AH18*100/107)+$D18)*(1+($A$1*15)))/15)*1.07,0))) -> 1683 | AN18: =IF(((AH18*$A$1)*18)<$C$1,"-",IF(ROUNDUP((((AH18*100/107)*(1+($A$1*18)))/18)*1.07,0)<$B$1,"-",ROUNDUP(((((AH18*100/107)+$D18)*(1+($A$1*18)))/18)*1.07,0))) -> 1444 | AO18: =IF(((AH18*$A$1)*24)<$C$1,"-",IF(ROUNDUP((((AH18*100/107)*(1+($A$1*24)))/24)*1.07,0)<$B$1,"-",ROUNDUP(((((AH18*100/107)+$D18)*(1+($A$1*24)))/24)*1.07,0))) -> 1145 | AP18: =ROUNDUP($B18*40%,0) -> 11996 | AQ18: =$B18-AP18 -> 17994 | AR18: =AQ18+$D18 -> 19894 | AS18: =IF(((AQ18*$A$1)*6)<$C$1,"-",IF(ROUNDUP((((AQ18*100/107)*(1+($A$1*6)))/6)*1.07,0)<$B$1,"-",ROUNDUP(((((AQ18*100/107)+$D18)*(1+($A$1*6)))/6)*1.07,0))) -> 3569 | AT18: =IF(((AQ18*$A$1)*9)<$C$1,"-",IF(ROUNDUP((((AQ18*100/107)*(1+($A$1*9)))/9)*1.07,0)<$B$1,"-",ROUNDUP(((((AQ18*100/107)+$D18)*(1+($A$1*9)))/9)*1.07,0))) -> 2456 | AU18: =IF(((AQ18*$A$1)*12)<$C$1,"-",IF(ROUNDUP((((AQ18*100/107)*(1+($A$1*12)))/12)*1.07,0)<$B$1,"-",ROUNDUP(((((AQ18*100/107)+$D18)*(1+($A$1*12)))/12)*1.07,0))) -> 1900 | AV18: =IF(((AQ18*$A$1)*15)<$C$1,"-",IF(ROUNDUP((((AQ18*100/107)*(1+($A$1*15)))/15)*1.07,0)<$B$1,"-",ROUNDUP(((((AQ18*100/107)+$D18)*(1+($A$1*15)))/15)*1.07,0))) -> 1566 | AW18: =IF(((AQ18*$A$1)*18)<$C$1,"-",IF(ROUNDUP((((AQ18*100/107)*(1+($A$1*18)))/18)*1.07,0)<$B$1,"-",ROUNDUP(((((AQ18*100/107)+$D18)*(1+($A$1*18)))/18)*1.07,0))) -> 1343 | AX18: =IF(((AQ18*$A$1)*24)<$C$1,"-",IF(ROUNDUP((((AQ18*100/107)*(1+($A$1*24)))/24)*1.07,0)<$B$1,"-",ROUNDUP(((((AQ18*100/107)+$D18)*(1+($A$1*24)))/24)*1.07,0))) -> 1065
A19: {=IFERROR(INDEX('Product Price'!A:A,SMALL('Product Price'!$D:$D,17)),"")} -> HUAWEI Pura 80 12/256 GB | B19: {=IFERROR(INDEX('Product Price'!B:B,SMALL('Product Price'!$D:$D,17)),"")} -> 19990 | C19: {=IFERROR(INDEX('Product Price'!C:C,SMALL('Product Price'!$D:$D,17)),"")} -> 11 | D19: =IF(AND(B19>=3900,B19<=10000),795,IF(AND(B19>=10001,B19<=20000),1450,IF(AND(B19>=20001,B19<=40000),1900,IF(AND(B19>=40001,B19<=60000),2475,IF(AND(B19>=60001,B19<=80000),4025,IF(AND(B19>=80001,B19<=100000),5175,IF(AND(B19>=100001,B19<=120000),6785,""))))))) -> 1450 | E19: =IFERROR(B19+D19,"") -> 21440 | F19: =IFERROR(ROUNDUP($B19*15%,0),"") -> 2999 | G19: =$B19-F19 -> 16991 | H19: =$G19+D19 -> 18441 | I19: =IF(((G19*$A$1)*6)<$C$1,"-",IF(ROUNDUP((((G19*100/107)*(1+($A$1*6)))/6)*1.07,0)<$B$1,"-",ROUNDUP(((((G19*100/107)+$D19)*(1+($A$1*6)))/6)*1.07,0))) -> 3304 | J19: =IF(((G19*$A$1)*9)<$C$1,"-",IF(ROUNDUP((((G19*100/107)*(1+($A$1*9)))/9)*1.07,0)<$B$1,"-",ROUNDUP(((((G19*100/107)+$D19)*(1+($A$1*9)))/9)*1.07,0))) -> 2274 | K19: =IF(((G19*$A$1)*12)<$C$1,"-",IF(ROUNDUP((((G19*100/107)*(1+($A$1*12)))/12)*1.07,0)<$B$1,"-",ROUNDUP(((((G19*100/107)+$D19)*(1+($A$1*12)))/12)*1.07,0))) -> 1759 | L19: =IF(((G19*$A$1)*15)<$C$1,"-",IF(ROUNDUP((((G19*100/107)*(1+($A$1*15)))/15)*1.07,0)<$B$1,"-",ROUNDUP(((((G19*100/107)+$D19)*(1+($A$1*15)))/15)*1.07,0))) -> 1450 | M19: =IF(((G19*$A$1)*18)<$C$1,"-",IF(ROUNDUP((((G19*100/107)*(1+($A$1*18)))/18)*1.07,0)<$B$1,"-",ROUNDUP(((((G19*100/107)+$D19)*(1+($A$1*18)))/18)*1.07,0))) -> 1244 | N19: =IF(((G19*$A$1)*24)<$C$1,"-",IF(ROUNDUP((((G19*100/107)*(1+($A$1*24)))/24)*1.07,0)<$B$1,"-",ROUNDUP(((((G19*100/107)+$D19)*(1+($A$1*24)))/24)*1.07,0))) -> 986 | O19: =ROUNDUP($B19*20%,0) -> 3998 | P19: =$B19-O19 -> 15992 | Q19: =P19+$D19 -> 17442 | R19: =IF(((P19*$A$1)*6)<$C$1,"-",IF(ROUNDUP((((P19*100/107)*(1+($A$1*6)))/6)*1.07,0)<$B$1,"-",ROUNDUP(((((P19*100/107)+$D19)*(1+($A$1*6)))/6)*1.07,0))) -> 3126 | S19: =IF(((P19*$A$1)*9)<$C$1,"-",IF(ROUNDUP((((P19*100/107)*(1+($A$1*9)))/9)*1.07,0)<$B$1,"-",ROUNDUP(((((P19*100/107)+$D19)*(1+($A$1*9)))/9)*1.07,0))) -> 2152 | T19: =IF(((P19*$A$1)*12)<$C$1,"-",IF(ROUNDUP((((P19*100/107)*(1+($A$1*12)))/12)*1.07,0)<$B$1,"-",ROUNDUP(((((P19*100/107)+$D19)*(1+($A$1*12)))/12)*1.07,0))) -> 1664 | U19: =IF(((P19*$A$1)*15)<$C$1,"-",IF(ROUNDUP((((P19*100/107)*(1+($A$1*15)))/15)*1.07,0)<$B$1,"-",ROUNDUP(((((P19*100/107)+$D19)*(1+($A$1*15)))/15)*1.07,0))) -> 1372 | V19: =IF(((P19*$A$1)*18)<$C$1,"-",IF(ROUNDUP((((P19*100/107)*(1+($A$1*18)))/18)*1.07,0)<$B$1,"-",ROUNDUP(((((P19*100/107)+$D19)*(1+($A$1*18)))/18)*1.07,0))) -> 1177 | W19: =IF(((P19*$A$1)*24)<$C$1,"-",IF(ROUNDUP((((P19*100/107)*(1+($A$1*24)))/24)*1.07,0)<$B$1,"-",ROUNDUP(((((P19*100/107)+$D19)*(1+($A$1*24)))/24)*1.07,0))) -> 933 | X19: =ROUNDUP($B19*25%,0) -> 4998 | Y19: =$B19-X19 -> 14992 | Z19: =Y19+$D19 -> 16442 | AA19: =IF(((Y19*$A$1)*6)<$C$1,"-",IF(ROUNDUP((((Y19*100/107)*(1+($A$1*6)))/6)*1.07,0)<$B$1,"-",ROUNDUP(((((Y19*100/107)+$D19)*(1+($A$1*6)))/6)*1.07,0))) -> 2948 | AB19: =IF(((Y19*$A$1)*9)<$C$1,"-",IF(ROUNDUP((((Y19*100/107)*(1+($A$1*9)))/9)*1.07,0)<$B$1,"-",ROUNDUP(((((Y19*100/107)+$D19)*(1+($A$1*9)))/9)*1.07,0))) -> 2029 | AC19: =IF(((Y19*$A$1)*12)<$C$1,"-",IF(ROUNDUP((((Y19*100/107)*(1+($A$1*12)))/12)*1.07,0)<$B$1,"-",ROUNDUP(((((Y19*100/107)+$D19)*(1+($A$1*12)))/12)*1.07,0))) -> 1569 | AD19: =IF(((Y19*$A$1)*15)<$C$1,"-",IF(ROUNDUP((((Y19*100/107)*(1+($A$1*15)))/15)*1.07,0)<$B$1,"-",ROUNDUP(((((Y19*100/107)+$D19)*(1+($A$1*15)))/15)*1.07,0))) -> 1294 | AE19: =IF(((Y19*$A$1)*18)<$C$1,"-",IF(ROUNDUP((((Y19*100/107)*(1+($A$1*18)))/18)*1.07,0)<$B$1,"-",ROUNDUP(((((Y19*100/107)+$D19)*(1+($A$1*18)))/18)*1.07,0))) -> 1110 | AF19: =IF(((Y19*$A$1)*24)<$C$1,"-",IF(ROUNDUP((((Y19*100/107)*(1+($A$1*24)))/24)*1.07,0)<$B$1,"-",ROUNDUP(((((Y19*100/107)+$D19)*(1+($A$1*24)))/24)*1.07,0))) -> 880 | AG19: =ROUNDUP($B19*35%,0) -> 6997 | AH19: =$B19-AG19 -> 12993 | AI19: =AH19+$D19 -> 14443 | AJ19: =IF(((AH19*$A$1)*6)<$C$1,"-",IF(ROUNDUP((((AH19*100/107)*(1+($A$1*6)))/6)*1.07,0)<$B$1,"-",ROUNDUP(((((AH19*100/107)+$D19)*(1+($A$1*6)))/6)*1.07,0))) -> 2592 | AK19: =IF(((AH19*$A$1)*9)<$C$1,"-",IF(ROUNDUP((((AH19*100/107)*(1+($A$1*9)))/9)*1.07,0)<$B$1,"-",ROUNDUP(((((AH19*100/107)+$D19)*(1+($A$1*9)))/9)*1.07,0))) -> 1784 | AL19: =IF(((AH19*$A$1)*12)<$C$1,"-",IF(ROUNDUP((((AH19*100/107)*(1+($A$1*12)))/12)*1.07,0)<$B$1,"-",ROUNDUP(((((AH19*100/107)+$D19)*(1+($A$1*12)))/12)*1.07,0))) -> 1380 | AM19: =IF(((AH19*$A$1)*15)<$C$1,"-",IF(ROUNDUP((((AH19*100/107)*(1+($A$1*15)))/15)*1.07,0)<$B$1,"-",ROUNDUP(((((AH19*100/107)+$D19)*(1+($A$1*15)))/15)*1.07,0))) -> 1137 | AN19: =IF(((AH19*$A$1)*18)<$C$1,"-",IF(ROUNDUP((((AH19*100/107)*(1+($A$1*18)))/18)*1.07,0)<$B$1,"-",ROUNDUP(((((AH19*100/107)+$D19)*(1+($A$1*18)))/18)*1.07,0))) -> 976 | AO19: =IF(((AH19*$A$1)*24)<$C$1,"-",IF(ROUNDUP((((AH19*100/107)*(1+($A$1*24)))/24)*1.07,0)<$B$1,"-",ROUNDUP(((((AH19*100/107)+$D19)*(1+($A$1*24)))/24)*1.07,0))) -> 774 | AP19: =ROUNDUP($B19*40%,0) -> 7996 | AQ19: =$B19-AP19 -> 11994 | AR19: =AQ19+$D19 -> 13444 | AS19: =IF(((AQ19*$A$1)*6)<$C$1,"-",IF(ROUNDUP((((AQ19*100/107)*(1+($A$1*6)))/6)*1.07,0)<$B$1,"-",ROUNDUP(((((AQ19*100/107)+$D19)*(1+($A$1*6)))/6)*1.07,0))) -> 2414 | AT19: =IF(((AQ19*$A$1)*9)<$C$1,"-",IF(ROUNDUP((((AQ19*100/107)*(1+($A$1*9)))/9)*1.07,0)<$B$1,"-",ROUNDUP(((((AQ19*100/107)+$D19)*(1+($A$1*9)))/9)*1.07,0))) -> 1661 | AU19: =IF(((AQ19*$A$1)*12)<$C$1,"-",IF(ROUNDUP((((AQ19*100/107)*(1+($A$1*12)))/12)*1.07,0)<$B$1,"-",ROUNDUP(((((AQ19*100/107)+$D19)*(1+($A$1*12)))/12)*1.07,0))) -> 1285 | AV19: =IF(((AQ19*$A$1)*15)<$C$1,"-",IF(ROUNDUP((((AQ19*100/107)*(1+($A$1*15)))/15)*1.07,0)<$B$1,"-",ROUNDUP(((((AQ19*100/107)+$D19)*(1+($A$1*15)))/15)*1.07,0))) -> 1059 | AW19: =IF(((AQ19*$A$1)*18)<$C$1,"-",IF(ROUNDUP((((AQ19*100/107)*(1+($A$1*18)))/18)*1.07,0)<$B$1,"-",ROUNDUP(((((AQ19*100/107)+$D19)*(1+($A$1*18)))/18)*1.07,0))) -> 909 | AX19: =IF(((AQ19*$A$1)*24)<$C$1,"-",IF(ROUNDUP((((AQ19*100/107)*(1+($A$1*24)))/24)*1.07,0)<$B$1,"-",ROUNDUP(((((AQ19*100/107)+$D19)*(1+($A$1*24)))/24)*1.07,0))) -> 721
A20: {=IFERROR(INDEX('Product Price'!A:A,SMALL('Product Price'!$D:$D,18)),"")} -> HUAWEI Nova 14 Pro 12/512 GB | B20: {=IFERROR(INDEX('Product Price'!B:B,SMALL('Product Price'!$D:$D,18)),"")} -> 15990 | C20: {=IFERROR(INDEX('Product Price'!C:C,SMALL('Product Price'!$D:$D,18)),"")} -> 12 | D20: =IF(AND(B20>=3900,B20<=10000),795,IF(AND(B20>=10001,B20<=20000),1450,IF(AND(B20>=20001,B20<=40000),1900,IF(AND(B20>=40001,B20<=60000),2475,IF(AND(B20>=60001,B20<=80000),4025,IF(AND(B20>=80001,B20<=100000),5175,IF(AND(B20>=100001,B20<=120000),6785,""))))))) -> 1450 | E20: =IFERROR(B20+D20,"") -> 17440 | F20: =IFERROR(ROUNDUP($B20*15%,0),"") -> 2399 | G20: =$B20-F20 -> 13591 | H20: =$G20+D20 -> 15041 | I20: =IF(((G20*$A$1)*6)<$C$1,"-",IF(ROUNDUP((((G20*100/107)*(1+($A$1*6)))/6)*1.07,0)<$B$1,"-",ROUNDUP(((((G20*100/107)+$D20)*(1+($A$1*6)))/6)*1.07,0))) -> 2698 | J20: =IF(((G20*$A$1)*9)<$C$1,"-",IF(ROUNDUP((((G20*100/107)*(1+($A$1*9)))/9)*1.07,0)<$B$1,"-",ROUNDUP(((((G20*100/107)+$D20)*(1+($A$1*9)))/9)*1.07,0))) -> 1857 | K20: =IF(((G20*$A$1)*12)<$C$1,"-",IF(ROUNDUP((((G20*100/107)*(1+($A$1*12)))/12)*1.07,0)<$B$1,"-",ROUNDUP(((((G20*100/107)+$D20)*(1+($A$1*12)))/12)*1.07,0))) -> 1437 | L20: =IF(((G20*$A$1)*15)<$C$1,"-",IF(ROUNDUP((((G20*100/107)*(1+($A$1*15)))/15)*1.07,0)<$B$1,"-",ROUNDUP(((((G20*100/107)+$D20)*(1+($A$1*15)))/15)*1.07,0))) -> 1184 | M20: =IF(((G20*$A$1)*18)<$C$1,"-",IF(ROUNDUP((((G20*100/107)*(1+($A$1*18)))/18)*1.07,0)<$B$1,"-",ROUNDUP(((((G20*100/107)+$D20)*(1+($A$1*18)))/18)*1.07,0))) -> 1016 | N20: =IF(((G20*$A$1)*24)<$C$1,"-",IF(ROUNDUP((((G20*100/107)*(1+($A$1*24)))/24)*1.07,0)<$B$1,"-",ROUNDUP(((((G20*100/107)+$D20)*(1+($A$1*24)))/24)*1.07,0))) -> 806 | O20: =ROUNDUP($B20*20%,0) -> 3198 | P20: =$B20-O20 -> 12792 | Q20: =P20+$D20 -> 14242 | R20: =IF(((P20*$A$1)*6)<$C$1,"-",IF(ROUNDUP((((P20*100/107)*(1+($A$1*6)))/6)*1.07,0)<$B$1,"-",ROUNDUP(((((P20*100/107)+$D20)*(1+($A$1*6)))/6)*1.07,0))) -> 2556 | S20: =IF(((P20*$A$1)*9)<$C$1,"-",IF(ROUNDUP((((P20*100/107)*(1+($A$1*9)))/9)*1.07,0)<$B$1,"-",ROUNDUP(((((P20*100/107)+$D20)*(1+($A$1*9)))/9)*1.07,0))) -> 1759 | T20: =IF(((P20*$A$1)*12)<$C$1,"-",IF(ROUNDUP((((P20*100/107)*(1+($A$1*12)))/12)*1.07,0)<$B$1,"-",ROUNDUP(((((P20*100/107)+$D20)*(1+($A$1*12)))/12)*1.07,0))) -> 1361 | U20: =IF(((P20*$A$1)*15)<$C$1,"-",IF(ROUNDUP((((P20*100/107)*(1+($A$1*15)))/15)*1.07,0)<$B$1,"-",ROUNDUP(((((P20*100/107)+$D20)*(1+($A$1*15)))/15)*1.07,0))) -> 1122 | V20: =IF(((P20*$A$1)*18)<$C$1,"-",IF(ROUNDUP((((P20*100/107)*(1+($A$1*18)))/18)*1.07,0)<$B$1,"-",ROUNDUP(((((P20*100/107)+$D20)*(1+($A$1*18)))/18)*1.07,0))) -> 962 | W20: =IF(((P20*$A$1)*24)<$C$1,"-",IF(ROUNDUP((((P20*100/107)*(1+($A$1*24)))/24)*1.07,0)<$B$1,"-",ROUNDUP(((((P20*100/107)+$D20)*(1+($A$1*24)))/24)*1.07,0))) -> 763 | X20: =ROUNDUP($B20*25%,0) -> 3998 | Y20: =$B20-X20 -> 11992 | Z20: =Y20+$D20 -> 13442 | AA20: =IF(((Y20*$A$1)*6)<$C$1,"-",IF(ROUNDUP((((Y20*100/107)*(1+($A$1*6)))/6)*1.07,0)<$B$1,"-",ROUNDUP(((((Y20*100/107)+$D20)*(1+($A$1*6)))/6)*1.07,0))) -> 2414 | AB20: =IF(((Y20*$A$1)*9)<$C$1,"-",IF(ROUNDUP((((Y20*100/107)*(1+($A$1*9)))/9)*1.07,0)<$B$1,"-",ROUNDUP(((((Y20*100/107)+$D20)*(1+($A$1*9)))/9)*1.07,0))) -> 1661 | AC20: =IF(((Y20*$A$1)*12)<$C$1,"-",IF(ROUNDUP((((Y20*100/107)*(1+($A$1*12)))/12)*1.07,0)<$B$1,"-",ROUNDUP(((((Y20*100/107)+$D20)*(1+($A$1*12)))/12)*1.07,0))) -> 1285 | AD20: =IF(((Y20*$A$1)*15)<$C$1,"-",IF(ROUNDUP((((Y20*100/107)*(1+($A$1*15)))/15)*1.07,0)<$B$1,"-",ROUNDUP(((((Y20*100/107)+$D20)*(1+($A$1*15)))/15)*1.07,0))) -> 1059 | AE20: =IF(((Y20*$A$1)*18)<$C$1,"-",IF(ROUNDUP((((Y20*100/107)*(1+($A$1*18)))/18)*1.07,0)<$B$1,"-",ROUNDUP(((((Y20*100/107)+$D20)*(1+($A$1*18)))/18)*1.07,0))) -> 909 | AF20: =IF(((Y20*$A$1)*24)<$C$1,"-",IF(ROUNDUP((((Y20*100/107)*(1+($A$1*24)))/24)*1.07,0)<$B$1,"-",ROUNDUP(((((Y20*100/107)+$D20)*(1+($A$1*24)))/24)*1.07,0))) -> 721 | AG20: =ROUNDUP($B20*35%,0) -> 5597 | AH20: =$B20-AG20 -> 10393 | AI20: =AH20+$D20 -> 11843 | AJ20: =IF(((AH20*$A$1)*6)<$C$1,"-",IF(ROUNDUP((((AH20*100/107)*(1+($A$1*6)))/6)*1.07,0)<$B$1,"-",ROUNDUP(((((AH20*100/107)+$D20)*(1+($A$1*6)))/6)*1.07,0))) -> 2129 | AK20: =IF(((AH20*$A$1)*9)<$C$1,"-",IF(ROUNDUP((((AH20*100/107)*(1+($A$1*9)))/9)*1.07,0)<$B$1,"-",ROUNDUP(((((AH20*100/107)+$D20)*(1+($A$1*9)))/9)*1.07,0))) -> 1465 | AL20: =IF(((AH20*$A$1)*12)<$C$1,"-",IF(ROUNDUP((((AH20*100/107)*(1+($A$1*12)))/12)*1.07,0)<$B$1,"-",ROUNDUP(((((AH20*100/107)+$D20)*(1+($A$1*12)))/12)*1.07,0))) -> 1133 | AM20: =IF(((AH20*$A$1)*15)<$C$1,"-",IF(ROUNDUP((((AH20*100/107)*(1+($A$1*15)))/15)*1.07,0)<$B$1,"-",ROUNDUP(((((AH20*100/107)+$D20)*(1+($A$1*15)))/15)*1.07,0))) -> 934 | AN20: =IF(((AH20*$A$1)*18)<$C$1,"-",IF(ROUNDUP((((AH20*100/107)*(1+($A$1*18)))/18)*1.07,0)<$B$1,"-",ROUNDUP(((((AH20*100/107)+$D20)*(1+($A$1*18)))/18)*1.07,0))) -> 801 | AO20: =IF(((AH20*$A$1)*24)<$C$1,"-",IF(ROUNDUP((((AH20*100/107)*(1+($A$1*24)))/24)*1.07,0)<$B$1,"-",ROUNDUP(((((AH20*100/107)+$D20)*(1+($A$1*24)))/24)*1.07,0))) -> 636 | AP20: =ROUNDUP($B20*40%,0) -> 6396 | AQ20: =$B20-AP20 -> 9594 | AR20: =AQ20+$D20 -> 11044 | AS20: =IF(((AQ20*$A$1)*6)<$C$1,"-",IF(ROUNDUP((((AQ20*100/107)*(1+($A$1*6)))/6)*1.07,0)<$B$1,"-",ROUNDUP(((((AQ20*100/107)+$D20)*(1+($A$1*6)))/6)*1.07,0))) -> 1986 | AT20: =IF(((AQ20*$A$1)*9)<$C$1,"-",IF(ROUNDUP((((AQ20*100/107)*(1+($A$1*9)))/9)*1.07,0)<$B$1,"-",ROUNDUP(((((AQ20*100/107)+$D20)*(1+($A$1*9)))/9)*1.07,0))) -> 1367 | AU20: =IF(((AQ20*$A$1)*12)<$C$1,"-",IF(ROUNDUP((((AQ20*100/107)*(1+($A$1*12)))/12)*1.07,0)<$B$1,"-",ROUNDUP(((((AQ20*100/107)+$D20)*(1+($A$1*12)))/12)*1.07,0))) -> 1057 | AV20: =IF(((AQ20*$A$1)*15)<$C$1,"-",IF(ROUNDUP((((AQ20*100/107)*(1+($A$1*15)))/15)*1.07,0)<$B$1,"-",ROUNDUP(((((AQ20*100/107)+$D20)*(1+($A$1*15)))/15)*1.07,0))) -> 872 | AW20: =IF(((AQ20*$A$1)*18)<$C$1,"-",IF(ROUNDUP((((AQ20*100/107)*(1+($A$1*18)))/18)*1.07,0)<$B$1,"-",ROUNDUP(((((AQ20*100/107)+$D20)*(1+($A$1*18)))/18)*1.07,0))) -> 748 | AX20: =IF(((AQ20*$A$1)*24)<$C$1,"-",IF(ROUNDUP((((AQ20*100/107)*(1+($A$1*24)))/24)*1.07,0)<$B$1,"-",ROUNDUP(((((AQ20*100/107)+$D20)*(1+($A$1*24)))/24)*1.07,0))) -> 593
A21: {=IFERROR(INDEX('Product Price'!A:A,SMALL('Product Price'!$D:$D,19)),"")} -> HUAWEI Nova 14 12/256 GB | B21: {=IFERROR(INDEX('Product Price'!B:B,SMALL('Product Price'!$D:$D,19)),"")} -> 11990 | C21: {=IFERROR(INDEX('Product Price'!C:C,SMALL('Product Price'!$D:$D,19)),"")} -> 13 | D21: =IF(AND(B21>=3900,B21<=10000),795,IF(AND(B21>=10001,B21<=20000),1450,IF(AND(B21>=20001,B21<=40000),1900,IF(AND(B21>=40001,B21<=60000),2475,IF(AND(B21>=60001,B21<=80000),4025,IF(AND(B21>=80001,B21<=100000),5175,IF(AND(B21>=100001,B21<=120000),6785,""))))))) -> 1450 | E21: =IFERROR(B21+D21,"") -> 13440 | F21: =IFERROR(ROUNDUP($B21*15%,0),"") -> 1799 | G21: =$B21-F21 -> 10191 | H21: =$G21+D21 -> 11641 | I21: =IF(((G21*$A$1)*6)<$C$1,"-",IF(ROUNDUP((((G21*100/107)*(1+($A$1*6)))/6)*1.07,0)<$B$1,"-",ROUNDUP(((((G21*100/107)+$D21)*(1+($A$1*6)))/6)*1.07,0))) -> 2093 | J21: =IF(((G21*$A$1)*9)<$C$1,"-",IF(ROUNDUP((((G21*100/107)*(1+($A$1*9)))/9)*1.07,0)<$B$1,"-",ROUNDUP(((((G21*100/107)+$D21)*(1+($A$1*9)))/9)*1.07,0))) -> 1440 | K21: =IF(((G21*$A$1)*12)<$C$1,"-",IF(ROUNDUP((((G21*100/107)*(1+($A$1*12)))/12)*1.07,0)<$B$1,"-",ROUNDUP(((((G21*100/107)+$D21)*(1+($A$1*12)))/12)*1.07,0))) -> 1114 | L21: =IF(((G21*$A$1)*15)<$C$1,"-",IF(ROUNDUP((((G21*100/107)*(1+($A$1*15)))/15)*1.07,0)<$B$1,"-",ROUNDUP(((((G21*100/107)+$D21)*(1+($A$1*15)))/15)*1.07,0))) -> 918 | M21: =IF(((G21*$A$1)*18)<$C$1,"-",IF(ROUNDUP((((G21*100/107)*(1+($A$1*18)))/18)*1.07,0)<$B$1,"-",ROUNDUP(((((G21*100/107)+$D21)*(1+($A$1*18)))/18)*1.07,0))) -> 788 | N21: =IF(((G21*$A$1)*24)<$C$1,"-",IF(ROUNDUP((((G21*100/107)*(1+($A$1*24)))/24)*1.07,0)<$B$1,"-",ROUNDUP(((((G21*100/107)+$D21)*(1+($A$1*24)))/24)*1.07,0))) -> 625 | O21: =ROUNDUP($B21*20%,0) -> 2398 | P21: =$B21-O21 -> 9592 | Q21: =P21+$D21 -> 11042 | R21: =IF(((P21*$A$1)*6)<$C$1,"-",IF(ROUNDUP((((P21*100/107)*(1+($A$1*6)))/6)*1.07,0)<$B$1,"-",ROUNDUP(((((P21*100/107)+$D21)*(1+($A$1*6)))/6)*1.07,0))) -> 1986 | S21: =IF(((P21*$A$1)*9)<$C$1,"-",IF(ROUNDUP((((P21*100/107)*(1+($A$1*9)))/9)*1.07,0)<$B$1,"-",ROUNDUP(((((P21*100/107)+$D21)*(1+($A$1*9)))/9)*1.07,0))) -> 1367 | T21: =IF(((P21*$A$1)*12)<$C$1,"-",IF(ROUNDUP((((P21*100/107)*(1+($A$1*12)))/12)*1.07,0)<$B$1,"-",ROUNDUP(((((P21*100/107)+$D21)*(1+($A$1*12)))/12)*1.07,0))) -> 1057 | U21: =IF(((P21*$A$1)*15)<$C$1,"-",IF(ROUNDUP((((P21*100/107)*(1+($A$1*15)))/15)*1.07,0)<$B$1,"-",ROUNDUP(((((P21*100/107)+$D21)*(1+($A$1*15)))/15)*1.07,0))) -> 872 | V21: =IF(((P21*$A$1)*18)<$C$1,"-",IF(ROUNDUP((((P21*100/107)*(1+($A$1*18)))/18)*1.07,0)<$B$1,"-",ROUNDUP(((((P21*100/107)+$D21)*(1+($A$1*18)))/18)*1.07,0))) -> 748 | W21: =IF(((P21*$A$1)*24)<$C$1,"-",IF(ROUNDUP((((P21*100/107)*(1+($A$1*24)))/24)*1.07,0)<$B$1,"-",ROUNDUP(((((P21*100/107)+$D21)*(1+($A$1*24)))/24)*1.07,0))) -> 593 | X21: =ROUNDUP($B21*25%,0) -> 2998 | Y21: =$B21-X21 -> 8992 | Z21: =Y21+$D21 -> 10442 | AA21: =IF(((Y21*$A$1)*6)<$C$1,"-",IF(ROUNDUP((((Y21*100/107)*(1+($A$1*6)))/6)*1.07,0)<$B$1,"-",ROUNDUP(((((Y21*100/107)+$D21)*(1+($A$1*6)))/6)*1.07,0))) -> 1879 | AB21: =IF(((Y21*$A$1)*9)<$C$1,"-",IF(ROUNDUP((((Y21*100/107)*(1+($A$1*9)))/9)*1.07,0)<$B$1,"-",ROUNDUP(((((Y21*100/107)+$D21)*(1+($A$1*9)))/9)*1.07,0))) -> 1293 | AC21: =IF(((Y21*$A$1)*12)<$C$1,"-",IF(ROUNDUP((((Y21*100/107)*(1+($A$1*12)))/12)*1.07,0)<$B$1,"-",ROUNDUP(((((Y21*100/107)+$D21)*(1+($A$1*12)))/12)*1.07,0))) -> 1000 | AD21: =IF(((Y21*$A$1)*15)<$C$1,"-",IF(ROUNDUP((((Y21*100/107)*(1+($A$1*15)))/15)*1.07,0)<$B$1,"-",ROUNDUP(((((Y21*100/107)+$D21)*(1+($A$1*15)))/15)*1.07,0))) -> 825 | AE21: =IF(((Y21*$A$1)*18)<$C$1,"-",IF(ROUNDUP((((Y21*100/107)*(1+($A$1*18)))/18)*1.07,0)<$B$1,"-",ROUNDUP(((((Y21*100/107)+$D21)*(1+($A$1*18)))/18)*1.07,0))) -> 708 | AF21: =IF(((Y21*$A$1)*24)<$C$1,"-",IF(ROUNDUP((((Y21*100/107)*(1+($A$1*24)))/24)*1.07,0)<$B$1,"-",ROUNDUP(((((Y21*100/107)+$D21)*(1+($A$1*24)))/24)*1.07,0))) -> 561 | AG21: =ROUNDUP($B21*35%,0) -> 4197 | AH21: =$B21-AG21 -> 7793 | AI21: =AH21+$D21 -> 9243 | AJ21: =IF(((AH21*$A$1)*6)<$C$1,"-",IF(ROUNDUP((((AH21*100/107)*(1+($A$1*6)))/6)*1.07,0)<$B$1,"-",ROUNDUP(((((AH21*100/107)+$D21)*(1+($A$1*6)))/6)*1.07,0))) -> 1665 | AK21: =IF(((AH21*$A$1)*9)<$C$1,"-",IF(ROUNDUP((((AH21*100/107)*(1+($A$1*9)))/9)*1.07,0)<$B$1,"-",ROUNDUP(((((AH21*100/107)+$D21)*(1+($A$1*9)))/9)*1.07,0))) -> 1146 | AL21: =IF(((AH21*$A$1)*12)<$C$1,"-",IF(ROUNDUP((((AH21*100/107)*(1+($A$1*12)))/12)*1.07,0)<$B$1,"-",ROUNDUP(((((AH21*100/107)+$D21)*(1+($A$1*12)))/12)*1.07,0))) -> 887 | AM21: =IF(((AH21*$A$1)*15)<$C$1,"-",IF(ROUNDUP((((AH21*100/107)*(1+($A$1*15)))/15)*1.07,0)<$B$1,"-",ROUNDUP(((((AH21*100/107)+$D21)*(1+($A$1*15)))/15)*1.07,0))) -> 731 | AN21: =IF(((AH21*$A$1)*18)<$C$1,"-",IF(ROUNDUP((((AH21*100/107)*(1+($A$1*18)))/18)*1.07,0)<$B$1,"-",ROUNDUP(((((AH21*100/107)+$D21)*(1+($A$1*18)))/18)*1.07,0))) -> 627 | AO21: =IF(((AH21*$A$1)*24)<$C$1,"-",IF(ROUNDUP((((AH21*100/107)*(1+($A$1*24)))/24)*1.07,0)<$B$1,"-",ROUNDUP(((((AH21*100/107)+$D21)*(1+($A$1*24)))/24)*1.07,0))) -> 497 | AP21: =ROUNDUP($B21*40%,0) -> 4796 | AQ21: =$B21-AP21 -> 7194 | AR21: =AQ21+$D21 -> 8644 | AS21: =IF(((AQ21*$A$1)*6)<$C$1,"-",IF(ROUNDUP((((AQ21*100/107)*(1+($A$1*6)))/6)*1.07,0)<$B$1,"-",ROUNDUP(((((AQ21*100/107)+$D21)*(1+($A$1*6)))/6)*1.07,0))) -> 1559 | AT21: =IF(((AQ21*$A$1)*9)<$C$1,"-",IF(ROUNDUP((((AQ21*100/107)*(1+($A$1*9)))/9)*1.07,0)<$B$1,"-",ROUNDUP(((((AQ21*100/107)+$D21)*(1+($A$1*9)))/9)*1.07,0))) -> 1073 | AU21: =IF(((AQ21*$A$1)*12)<$C$1,"-",IF(ROUNDUP((((AQ21*100/107)*(1+($A$1*12)))/12)*1.07,0)<$B$1,"-",ROUNDUP(((((AQ21*100/107)+$D21)*(1+($A$1*12)))/12)*1.07,0))) -> 830 | AV21: =IF(((AQ21*$A$1)*15)<$C$1,"-",IF(ROUNDUP((((AQ21*100/107)*(1+($A$1*15)))/15)*1.07,0)<$B$1,"-",ROUNDUP(((((AQ21*100/107)+$D21)*(1+($A$1*15)))/15)*1.07,0))) -> 684 | AW21: =IF(((AQ21*$A$1)*18)<$C$1,"-",IF(ROUNDUP((((AQ21*100/107)*(1+($A$1*18)))/18)*1.07,0)<$B$1,"-",ROUNDUP(((((AQ21*100/107)+$D21)*(1+($A$1*18)))/18)*1.07,0))) -> 587 | AX21: =IF(((AQ21*$A$1)*24)<$C$1,"-",IF(ROUNDUP((((AQ21*100/107)*(1+($A$1*24)))/24)*1.07,0)<$B$1,"-",ROUNDUP(((((AQ21*100/107)+$D21)*(1+($A$1*24)))/24)*1.07,0))) -> -
A22: {=IFERROR(INDEX('Product Price'!A:A,SMALL('Product Price'!$D:$D,20)),"")} -> HUAWEI Nova Y73 8/256 GB | B22: {=IFERROR(INDEX('Product Price'!B:B,SMALL('Product Price'!$D:$D,20)),"")} -> 5990 | C22: {=IFERROR(INDEX('Product Price'!C:C,SMALL('Product Price'!$D:$D,20)),"")} -> 14 | D22: =IF(AND(B22>=3900,B22<=10000),795,IF(AND(B22>=10001,B22<=20000),1450,IF(AND(B22>=20001,B22<=40000),1900,IF(AND(B22>=40001,B22<=60000),2475,IF(AND(B22>=60001,B22<=80000),4025,IF(AND(B22>=80001,B22<=100000),5175,IF(AND(B22>=100001,B22<=120000),6785,""))))))) -> 795 | E22: =IFERROR(B22+D22,"") -> 6785 | F22: =IFERROR(ROUNDUP($B22*15%,0),"") -> 899 | G22: =$B22-F22 -> 5091 | H22: =$G22+D22 -> 5886 | I22: =IF(((G22*$A$1)*6)<$C$1,"-",IF(ROUNDUP((((G22*100/107)*(1+($A$1*6)))/6)*1.07,0)<$B$1,"-",ROUNDUP(((((G22*100/107)+$D22)*(1+($A$1*6)))/6)*1.07,0))) -> 1059 | J22: =IF(((G22*$A$1)*9)<$C$1,"-",IF(ROUNDUP((((G22*100/107)*(1+($A$1*9)))/9)*1.07,0)<$B$1,"-",ROUNDUP(((((G22*100/107)+$D22)*(1+($A$1*9)))/9)*1.07,0))) -> 729 | K22: =IF(((G22*$A$1)*12)<$C$1,"-",IF(ROUNDUP((((G22*100/107)*(1+($A$1*12)))/12)*1.07,0)<$B$1,"-",ROUNDUP(((((G22*100/107)+$D22)*(1+($A$1*12)))/12)*1.07,0))) -> 564 | L22: =IF(((G22*$A$1)*15)<$C$1,"-",IF(ROUNDUP((((G22*100/107)*(1+($A$1*15)))/15)*1.07,0)<$B$1,"-",ROUNDUP(((((G22*100/107)+$D22)*(1+($A$1*15)))/15)*1.07,0))) -> - | M22: =IF(((G22*$A$1)*18)<$C$1,"-",IF(ROUNDUP((((G22*100/107)*(1+($A$1*18)))/18)*1.07,0)<$B$1,"-",ROUNDUP(((((G22*100/107)+$D22)*(1+($A$1*18)))/18)*1.07,0))) -> - | N22: =IF(((G22*$A$1)*24)<$C$1,"-",IF(ROUNDUP((((G22*100/107)*(1+($A$1*24)))/24)*1.07,0)<$B$1,"-",ROUNDUP(((((G22*100/107)+$D22)*(1+($A$1*24)))/24)*1.07,0))) -> - | O22: =ROUNDUP($B22*20%,0) -> 1198 | P22: =$B22-O22 -> 4792 | Q22: =P22+$D22 -> 5587 | R22: =IF(((P22*$A$1)*6)<$C$1,"-",IF(ROUNDUP((((P22*100/107)*(1+($A$1*6)))/6)*1.07,0)<$B$1,"-",ROUNDUP(((((P22*100/107)+$D22)*(1+($A$1*6)))/6)*1.07,0))) -> 1006 | S22: =IF(((P22*$A$1)*9)<$C$1,"-",IF(ROUNDUP((((P22*100/107)*(1+($A$1*9)))/9)*1.07,0)<$B$1,"-",ROUNDUP(((((P22*100/107)+$D22)*(1+($A$1*9)))/9)*1.07,0))) -> 692 | T22: =IF(((P22*$A$1)*12)<$C$1,"-",IF(ROUNDUP((((P22*100/107)*(1+($A$1*12)))/12)*1.07,0)<$B$1,"-",ROUNDUP(((((P22*100/107)+$D22)*(1+($A$1*12)))/12)*1.07,0))) -> 536 | U22: =IF(((P22*$A$1)*15)<$C$1,"-",IF(ROUNDUP((((P22*100/107)*(1+($A$1*15)))/15)*1.07,0)<$B$1,"-",ROUNDUP(((((P22*100/107)+$D22)*(1+($A$1*15)))/15)*1.07,0))) -> - | V22: =IF(((P22*$A$1)*18)<$C$1,"-",IF(ROUNDUP((((P22*100/107)*(1+($A$1*18)))/18)*1.07,0)<$B$1,"-",ROUNDUP(((((P22*100/107)+$D22)*(1+($A$1*18)))/18)*1.07,0))) -> - | W22: =IF(((P22*$A$1)*24)<$C$1,"-",IF(ROUNDUP((((P22*100/107)*(1+($A$1*24)))/24)*1.07,0)<$B$1,"-",ROUNDUP(((((P22*100/107)+$D22)*(1+($A$1*24)))/24)*1.07,0))) -> - | X22: =ROUNDUP($B22*25%,0) -> 1498 | Y22: =$B22-X22 -> 4492 | Z22: =Y22+$D22 -> 5287 | AA22: =IF(((Y22*$A$1)*6)<$C$1,"-",IF(ROUNDUP((((Y22*100/107)*(1+($A$1*6)))/6)*1.07,0)<$B$1,"-",ROUNDUP(((((Y22*100/107)+$D22)*(1+($A$1*6)))/6)*1.07,0))) -> 952 | AB22: =IF(((Y22*$A$1)*9)<$C$1,"-",IF(ROUNDUP((((Y22*100/107)*(1+($A$1*9)))/9)*1.07,0)<$B$1,"-",ROUNDUP(((((Y22*100/107)+$D22)*(1+($A$1*9)))/9)*1.07,0))) -> 656 | AC22: =IF(((Y22*$A$1)*12)<$C$1,"-",IF(ROUNDUP((((Y22*100/107)*(1+($A$1*12)))/12)*1.07,0)<$B$1,"-",ROUNDUP(((((Y22*100/107)+$D22)*(1+($A$1*12)))/12)*1.07,0))) -> 507 | AD22: =IF(((Y22*$A$1)*15)<$C$1,"-",IF(ROUNDUP((((Y22*100/107)*(1+($A$1*15)))/15)*1.07,0)<$B$1,"-",ROUNDUP(((((Y22*100/107)+$D22)*(1+($A$1*15)))/15)*1.07,0))) -> - | AE22: =IF(((Y22*$A$1)*18)<$C$1,"-",IF(ROUNDUP((((Y22*100/107)*(1+($A$1*18)))/18)*1.07,0)<$B$1,"-",ROUNDUP(((((Y22*100/107)+$D22)*(1+($A$1*18)))/18)*1.07,0))) -> - | AF22: =IF(((Y22*$A$1)*24)<$C$1,"-",IF(ROUNDUP((((Y22*100/107)*(1+($A$1*24)))/24)*1.07,0)<$B$1,"-",ROUNDUP(((((Y22*100/107)+$D22)*(1+($A$1*24)))/24)*1.07,0))) -> - | AG22: =ROUNDUP($B22*35%,0) -> 2097 | AH22: =$B22-AG22 -> 3893 | AI22: =AH22+$D22 -> 4688 | AJ22: =IF(((AH22*$A$1)*6)<$C$1,"-",IF(ROUNDUP((((AH22*100/107)*(1+($A$1*6)))/6)*1.07,0)<$B$1,"-",ROUNDUP(((((AH22*100/107)+$D22)*(1+($A$1*6)))/6)*1.07,0))) -> 846 | AK22: =IF(((AH22*$A$1)*9)<$C$1,"-",IF(ROUNDUP((((AH22*100/107)*(1+($A$1*9)))/9)*1.07,0)<$B$1,"-",ROUNDUP(((((AH22*100/107)+$D22)*(1+($A$1*9)))/9)*1.07,0))) -> 582 | AL22: =IF(((AH22*$A$1)*12)<$C$1,"-",IF(ROUNDUP((((AH22*100/107)*(1+($A$1*12)))/12)*1.07,0)<$B$1,"-",ROUNDUP(((((AH22*100/107)+$D22)*(1+($A$1*12)))/12)*1.07,0))) -> - | AM22: =IF(((AH22*$A$1)*15)<$C$1,"-",IF(ROUNDUP((((AH22*100/107)*(1+($A$1*15)))/15)*1.07,0)<$B$1,"-",ROUNDUP(((((AH22*100/107)+$D22)*(1+($A$1*15)))/15)*1.07,0))) -> - | AN22: =IF(((AH22*$A$1)*18)<$C$1,"-",IF(ROUNDUP((((AH22*100/107)*(1+($A$1*18)))/18)*1.07,0)<$B$1,"-",ROUNDUP(((((AH22*100/107)+$D22)*(1+($A$1*18)))/18)*1.07,0))) -> - | AO22: =IF(((AH22*$A$1)*24)<$C$1,"-",IF(ROUNDUP((((AH22*100/107)*(1+($A$1*24)))/24)*1.07,0)<$B$1,"-",ROUNDUP(((((AH22*100/107)+$D22)*(1+($A$1*24)))/24)*1.07,0))) -> - | AP22: =ROUNDUP($B22*40%,0) -> 2396 | AQ22: =$B22-AP22 -> 3594 | AR22: =AQ22+$D22 -> 4389 | AS22: =IF(((AQ22*$A$1)*6)<$C$1,"-",IF(ROUNDUP((((AQ22*100/107)*(1+($A$1*6)))/6)*1.07,0)<$B$1,"-",ROUNDUP(((((AQ22*100/107)+$D22)*(1+($A$1*6)))/6)*1.07,0))) -> 792 | AT22: =IF(((AQ22*$A$1)*9)<$C$1,"-",IF(ROUNDUP((((AQ22*100/107)*(1+($A$1*9)))/9)*1.07,0)<$B$1,"-",ROUNDUP(((((AQ22*100/107)+$D22)*(1+($A$1*9)))/9)*1.07,0))) -> 545 | AU22: =IF(((AQ22*$A$1)*12)<$C$1,"-",IF(ROUNDUP((((AQ22*100/107)*(1+($A$1*12)))/12)*1.07,0)<$B$1,"-",ROUNDUP(((((AQ22*100/107)+$D22)*(1+($A$1*12)))/12)*1.07,0))) -> - | AV22: =IF(((AQ22*$A$1)*15)<$C$1,"-",IF(ROUNDUP((((AQ22*100/107)*(1+($A$1*15)))/15)*1.07,0)<$B$1,"-",ROUNDUP(((((AQ22*100/107)+$D22)*(1+($A$1*15)))/15)*1.07,0))) -> - | AW22: =IF(((AQ22*$A$1)*18)<$C$1,"-",IF(ROUNDUP((((AQ22*100/107)*(1+($A$1*18)))/18)*1.07,0)<$B$1,"-",ROUNDUP(((((AQ22*100/107)+$D22)*(1+($A$1*18)))/18)*1.07,0))) -> - | AX22: =IF(((AQ22*$A$1)*24)<$C$1,"-",IF(ROUNDUP((((AQ22*100/107)*(1+($A$1*24)))/24)*1.07,0)<$B$1,"-",ROUNDUP(((((AQ22*100/107)+$D22)*(1+($A$1*24)))/24)*1.07,0))) -> -
A23: {=IFERROR(INDEX('Product Price'!A:A,SMALL('Product Price'!$D:$D,21)),"")} -> HUAWEI MatePad ProMax 12/512 GB | B23: {=IFERROR(INDEX('Product Price'!B:B,SMALL('Product Price'!$D:$D,21)),"")} -> 52990 | C23: {=IFERROR(INDEX('Product Price'!C:C,SMALL('Product Price'!$D:$D,21)),"")} -> 180 | D23: =IF(AND(B23>=3900,B23<=10000),795,IF(AND(B23>=10001,B23<=20000),1450,IF(AND(B23>=20001,B23<=40000),1900,IF(AND(B23>=40001,B23<=60000),2475,IF(AND(B23>=60001,B23<=80000),4025,IF(AND(B23>=80001,B23<=100000),5175,IF(AND(B23>=100001,B23<=120000),6785,""))))))) -> 2475 | E23: =IFERROR(B23+D23,"") -> 55465 | F23: =IFERROR(ROUNDUP($B23*15%,0),"") -> 7949 | G23: =$B23-F23 -> 45041 | H23: =$G23+D23 -> 47516 | I23: =IF(((G23*$A$1)*6)<$C$1,"-",IF(ROUNDUP((((G23*100/107)*(1+($A$1*6)))/6)*1.07,0)<$B$1,"-",ROUNDUP(((((G23*100/107)+$D23)*(1+($A$1*6)))/6)*1.07,0))) -> 8497 | J23: =IF(((G23*$A$1)*9)<$C$1,"-",IF(ROUNDUP((((G23*100/107)*(1+($A$1*9)))/9)*1.07,0)<$B$1,"-",ROUNDUP(((((G23*100/107)+$D23)*(1+($A$1*9)))/9)*1.07,0))) -> 5848 | K23: =IF(((G23*$A$1)*12)<$C$1,"-",IF(ROUNDUP((((G23*100/107)*(1+($A$1*12)))/12)*1.07,0)<$B$1,"-",ROUNDUP(((((G23*100/107)+$D23)*(1+($A$1*12)))/12)*1.07,0))) -> 4523 | L23: =IF(((G23*$A$1)*15)<$C$1,"-",IF(ROUNDUP((((G23*100/107)*(1+($A$1*15)))/15)*1.07,0)<$B$1,"-",ROUNDUP(((((G23*100/107)+$D23)*(1+($A$1*15)))/15)*1.07,0))) -> 3728 | M23: =IF(((G23*$A$1)*18)<$C$1,"-",IF(ROUNDUP((((G23*100/107)*(1+($A$1*18)))/18)*1.07,0)<$B$1,"-",ROUNDUP(((((G23*100/107)+$D23)*(1+($A$1*18)))/18)*1.07,0))) -> 3198 | N23: =IF(((G23*$A$1)*24)<$C$1,"-",IF(ROUNDUP((((G23*100/107)*(1+($A$1*24)))/24)*1.07,0)<$B$1,"-",ROUNDUP(((((G23*100/107)+$D23)*(1+($A$1*24)))/24)*1.07,0))) -> 2536 | O23: =ROUNDUP($B23*20%,0) -> 10598 | P23: =$B23-O23 -> 42392 | Q23: =P23+$D23 -> 44867 | R23: =IF(((P23*$A$1)*6)<$C$1,"-",IF(ROUNDUP((((P23*100/107)*(1+($A$1*6)))/6)*1.07,0)<$B$1,"-",ROUNDUP(((((P23*100/107)+$D23)*(1+($A$1*6)))/6)*1.07,0))) -> 8025 | S23: =IF(((P23*$A$1)*9)<$C$1,"-",IF(ROUNDUP((((P23*100/107)*(1+($A$1*9)))/9)*1.07,0)<$B$1,"-",ROUNDUP(((((P23*100/107)+$D23)*(1+($A$1*9)))/9)*1.07,0))) -> 5523 | T23: =IF(((P23*$A$1)*12)<$C$1,"-",IF(ROUNDUP((((P23*100/107)*(1+($A$1*12)))/12)*1.07,0)<$B$1,"-",ROUNDUP(((((P23*100/107)+$D23)*(1+($A$1*12)))/12)*1.07,0))) -> 4272 | U23: =IF(((P23*$A$1)*15)<$C$1,"-",IF(ROUNDUP((((P23*100/107)*(1+($A$1*15)))/15)*1.07,0)<$B$1,"-",ROUNDUP(((((P23*100/107)+$D23)*(1+($A$1*15)))/15)*1.07,0))) -> 3521 | V23: =IF(((P23*$A$1)*18)<$C$1,"-",IF(ROUNDUP((((P23*100/107)*(1+($A$1*18)))/18)*1.07,0)<$B$1,"-",ROUNDUP(((((P23*100/107)+$D23)*(1+($A$1*18)))/18)*1.07,0))) -> 3021 | W23: =IF(((P23*$A$1)*24)<$C$1,"-",IF(ROUNDUP((((P23*100/107)*(1+($A$1*24)))/24)*1.07,0)<$B$1,"-",ROUNDUP(((((P23*100/107)+$D23)*(1+($A$1*24)))/24)*1.07,0))) -> 2395 | X23: =ROUNDUP($B23*25%,0) -> 13248 | Y23: =$B23-X23 -> 39742 | Z23: =Y23+$D23 -> 42217 | AA23: =IF(((Y23*$A$1)*6)<$C$1,"-",IF(ROUNDUP((((Y23*100/107)*(1+($A$1*6)))/6)*1.07,0)<$B$1,"-",ROUNDUP(((((Y23*100/107)+$D23)*(1+($A$1*6)))/6)*1.07,0))) -> 7553 | AB23: =IF(((Y23*$A$1)*9)<$C$1,"-",IF(ROUNDUP((((Y23*100/107)*(1+($A$1*9)))/9)*1.07,0)<$B$1,"-",ROUNDUP(((((Y23*100/107)+$D23)*(1+($A$1*9)))/9)*1.07,0))) -> 5198 | AC23: =IF(((Y23*$A$1)*12)<$C$1,"-",IF(ROUNDUP((((Y23*100/107)*(1+($A$1*12)))/12)*1.07,0)<$B$1,"-",ROUNDUP(((((Y23*100/107)+$D23)*(1+($A$1*12)))/12)*1.07,0))) -> 4021 | AD23: =IF(((Y23*$A$1)*15)<$C$1,"-",IF(ROUNDUP((((Y23*100/107)*(1+($A$1*15)))/15)*1.07,0)<$B$1,"-",ROUNDUP(((((Y23*100/107)+$D23)*(1+($A$1*15)))/15)*1.07,0))) -> 3314 | AE23: =IF(((Y23*$A$1)*18)<$C$1,"-",IF(ROUNDUP((((Y23*100/107)*(1+($A$1*18)))/18)*1.07,0)<$B$1,"-",ROUNDUP(((((Y23*100/107)+$D23)*(1+($A$1*18)))/18)*1.07,0))) -> 2843 | AF23: =IF(((Y23*$A$1)*24)<$C$1,"-",IF(ROUNDUP((((Y23*100/107)*(1+($A$1*24)))/24)*1.07,0)<$B$1,"-",ROUNDUP(((((Y23*100/107)+$D23)*(1+($A$1*24)))/24)*1.07,0))) -> 2254 | AG23: =ROUNDUP($B23*35%,0) -> 18547 | AH23: =$B23-AG23 -> 34443 | AI23: =AH23+$D23 -> 36918 | AJ23: =IF(((AH23*$A$1)*6)<$C$1,"-",IF(ROUNDUP((((AH23*100/107)*(1+($A$1*6)))/6)*1.07,0)<$B$1,"-",ROUNDUP(((((AH23*100/107)+$D23)*(1+($A$1*6)))/6)*1.07,0))) -> 6609 | AK23: =IF(((AH23*$A$1)*9)<$C$1,"-",IF(ROUNDUP((((AH23*100/107)*(1+($A$1*9)))/9)*1.07,0)<$B$1,"-",ROUNDUP(((((AH23*100/107)+$D23)*(1+($A$1*9)))/9)*1.07,0))) -> 4548 | AL23: =IF(((AH23*$A$1)*12)<$C$1,"-",IF(ROUNDUP((((AH23*100/107)*(1+($A$1*12)))/12)*1.07,0)<$B$1,"-",ROUNDUP(((((AH23*100/107)+$D23)*(1+($A$1*12)))/12)*1.07,0))) -> 3518 | AM23: =IF(((AH23*$A$1)*15)<$C$1,"-",IF(ROUNDUP((((AH23*100/107)*(1+($A$1*15)))/15)*1.07,0)<$B$1,"-",ROUNDUP(((((AH23*100/107)+$D23)*(1+($A$1*15)))/15)*1.07,0))) -> 2900 | AN23: =IF(((AH23*$A$1)*18)<$C$1,"-",IF(ROUNDUP((((AH23*100/107)*(1+($A$1*18)))/18)*1.07,0)<$B$1,"-",ROUNDUP(((((AH23*100/107)+$D23)*(1+($A$1*18)))/18)*1.07,0))) -> 2488 | AO23: =IF(((AH23*$A$1)*24)<$C$1,"-",IF(ROUNDUP((((AH23*100/107)*(1+($A$1*24)))/24)*1.07,0)<$B$1,"-",ROUNDUP(((((AH23*100/107)+$D23)*(1+($A$1*24)))/24)*1.07,0))) -> 1973 | AP23: =ROUNDUP($B23*40%,0) -> 21196 | AQ23: =$B23-AP23 -> 31794 | AR23: =AQ23+$D23 -> 34269 | AS23: =IF(((AQ23*$A$1)*6)<$C$1,"-",IF(ROUNDUP((((AQ23*100/107)*(1+($A$1*6)))/6)*1.07,0)<$B$1,"-",ROUNDUP(((((AQ23*100/107)+$D23)*(1+($A$1*6)))/6)*1.07,0))) -> 6137 | AT23: =IF(((AQ23*$A$1)*9)<$C$1,"-",IF(ROUNDUP((((AQ23*100/107)*(1+($A$1*9)))/9)*1.07,0)<$B$1,"-",ROUNDUP(((((AQ23*100/107)+$D23)*(1+($A$1*9)))/9)*1.07,0))) -> 4224 | AU23: =IF(((AQ23*$A$1)*12)<$C$1,"-",IF(ROUNDUP((((AQ23*100/107)*(1+($A$1*12)))/12)*1.07,0)<$B$1,"-",ROUNDUP(((((AQ23*100/107)+$D23)*(1+($A$1*12)))/12)*1.07,0))) -> 3267 | AV23: =IF(((AQ23*$A$1)*15)<$C$1,"-",IF(ROUNDUP((((AQ23*100/107)*(1+($A$1*15)))/15)*1.07,0)<$B$1,"-",ROUNDUP(((((AQ23*100/107)+$D23)*(1+($A$1*15)))/15)*1.07,0))) -> 2693 | AW23: =IF(((AQ23*$A$1)*18)<$C$1,"-",IF(ROUNDUP((((AQ23*100/107)*(1+($A$1*18)))/18)*1.07,0)<$B$1,"-",ROUNDUP(((((AQ23*100/107)+$D23)*(1+($A$1*18)))/18)*1.07,0))) -> 2310 | AX23: =IF(((AQ23*$A$1)*24)<$C$1,"-",IF(ROUNDUP((((AQ23*100/107)*(1+($A$1*24)))/24)*1.07,0)<$B$1,"-",ROUNDUP(((((AQ23*100/107)+$D23)*(1+($A$1*24)))/24)*1.07,0))) -> 1832
A24: {=IFERROR(INDEX('Product Price'!A:A,SMALL('Product Price'!$D:$D,22)),"")} -> HUAWEI MatePad ProMax 12/256 GB | B24: {=IFERROR(INDEX('Product Price'!B:B,SMALL('Product Price'!$D:$D,22)),"")} -> 39990 | C24: {=IFERROR(INDEX('Product Price'!C:C,SMALL('Product Price'!$D:$D,22)),"")} -> 181 | D24: =IF(AND(B24>=3900,B24<=10000),795,IF(AND(B24>=10001,B24<=20000),1450,IF(AND(B24>=20001,B24<=40000),1900,IF(AND(B24>=40001,B24<=60000),2475,IF(AND(B24>=60001,B24<=80000),4025,IF(AND(B24>=80001,B24<=100000),5175,IF(AND(B24>=100001,B24<=120000),6785,""))))))) -> 1900 | E24: =IFERROR(B24+D24,"") -> 41890 | F24: =IFERROR(ROUNDUP($B24*15%,0),"") -> 5999 | G24: =$B24-F24 -> 33991 | H24: =$G24+D24 -> 35891 | I24: =IF(((G24*$A$1)*6)<$C$1,"-",IF(ROUNDUP((((G24*100/107)*(1+($A$1*6)))/6)*1.07,0)<$B$1,"-",ROUNDUP(((((G24*100/107)+$D24)*(1+($A$1*6)))/6)*1.07,0))) -> 6419 | J24: =IF(((G24*$A$1)*9)<$C$1,"-",IF(ROUNDUP((((G24*100/107)*(1+($A$1*9)))/9)*1.07,0)<$B$1,"-",ROUNDUP(((((G24*100/107)+$D24)*(1+($A$1*9)))/9)*1.07,0))) -> 4417 | K24: =IF(((G24*$A$1)*12)<$C$1,"-",IF(ROUNDUP((((G24*100/107)*(1+($A$1*12)))/12)*1.07,0)<$B$1,"-",ROUNDUP(((((G24*100/107)+$D24)*(1+($A$1*12)))/12)*1.07,0))) -> 3417 | L24: =IF(((G24*$A$1)*15)<$C$1,"-",IF(ROUNDUP((((G24*100/107)*(1+($A$1*15)))/15)*1.07,0)<$B$1,"-",ROUNDUP(((((G24*100/107)+$D24)*(1+($A$1*15)))/15)*1.07,0))) -> 2816 | M24: =IF(((G24*$A$1)*18)<$C$1,"-",IF(ROUNDUP((((G24*100/107)*(1+($A$1*18)))/18)*1.07,0)<$B$1,"-",ROUNDUP(((((G24*100/107)+$D24)*(1+($A$1*18)))/18)*1.07,0))) -> 2416 | N24: =IF(((G24*$A$1)*24)<$C$1,"-",IF(ROUNDUP((((G24*100/107)*(1+($A$1*24)))/24)*1.07,0)<$B$1,"-",ROUNDUP(((((G24*100/107)+$D24)*(1+($A$1*24)))/24)*1.07,0))) -> 1916 | O24: =ROUNDUP($B24*20%,0) -> 7998 | P24: =$B24-O24 -> 31992 | Q24: =P24+$D24 -> 33892 | R24: =IF(((P24*$A$1)*6)<$C$1,"-",IF(ROUNDUP((((P24*100/107)*(1+($A$1*6)))/6)*1.07,0)<$B$1,"-",ROUNDUP(((((P24*100/107)+$D24)*(1+($A$1*6)))/6)*1.07,0))) -> 6063 | S24: =IF(((P24*$A$1)*9)<$C$1,"-",IF(ROUNDUP((((P24*100/107)*(1+($A$1*9)))/9)*1.07,0)<$B$1,"-",ROUNDUP(((((P24*100/107)+$D24)*(1+($A$1*9)))/9)*1.07,0))) -> 4172 | T24: =IF(((P24*$A$1)*12)<$C$1,"-",IF(ROUNDUP((((P24*100/107)*(1+($A$1*12)))/12)*1.07,0)<$B$1,"-",ROUNDUP(((((P24*100/107)+$D24)*(1+($A$1*12)))/12)*1.07,0))) -> 3227 | U24: =IF(((P24*$A$1)*15)<$C$1,"-",IF(ROUNDUP((((P24*100/107)*(1+($A$1*15)))/15)*1.07,0)<$B$1,"-",ROUNDUP(((((P24*100/107)+$D24)*(1+($A$1*15)))/15)*1.07,0))) -> 2660 | V24: =IF(((P24*$A$1)*18)<$C$1,"-",IF(ROUNDUP((((P24*100/107)*(1+($A$1*18)))/18)*1.07,0)<$B$1,"-",ROUNDUP(((((P24*100/107)+$D24)*(1+($A$1*18)))/18)*1.07,0))) -> 2282 | W24: =IF(((P24*$A$1)*24)<$C$1,"-",IF(ROUNDUP((((P24*100/107)*(1+($A$1*24)))/24)*1.07,0)<$B$1,"-",ROUNDUP(((((P24*100/107)+$D24)*(1+($A$1*24)))/24)*1.07,0))) -> 1809 | X24: =ROUNDUP($B24*25%,0) -> 9998 | Y24: =$B24-X24 -> 29992 | Z24: =Y24+$D24 -> 31892 | AA24: =IF(((Y24*$A$1)*6)<$C$1,"-",IF(ROUNDUP((((Y24*100/107)*(1+($A$1*6)))/6)*1.07,0)<$B$1,"-",ROUNDUP(((((Y24*100/107)+$D24)*(1+($A$1*6)))/6)*1.07,0))) -> 5706 | AB24: =IF(((Y24*$A$1)*9)<$C$1,"-",IF(ROUNDUP((((Y24*100/107)*(1+($A$1*9)))/9)*1.07,0)<$B$1,"-",ROUNDUP(((((Y24*100/107)+$D24)*(1+($A$1*9)))/9)*1.07,0))) -> 3927 | AC24: =IF(((Y24*$A$1)*12)<$C$1,"-",IF(ROUNDUP((((Y24*100/107)*(1+($A$1*12)))/12)*1.07,0)<$B$1,"-",ROUNDUP(((((Y24*100/107)+$D24)*(1+($A$1*12)))/12)*1.07,0))) -> 3038 | AD24: =IF(((Y24*$A$1)*15)<$C$1,"-",IF(ROUNDUP((((Y24*100/107)*(1+($A$1*15)))/15)*1.07,0)<$B$1,"-",ROUNDUP(((((Y24*100/107)+$D24)*(1+($A$1*15)))/15)*1.07,0))) -> 2504 | AE24: =IF(((Y24*$A$1)*18)<$C$1,"-",IF(ROUNDUP((((Y24*100/107)*(1+($A$1*18)))/18)*1.07,0)<$B$1,"-",ROUNDUP(((((Y24*100/107)+$D24)*(1+($A$1*18)))/18)*1.07,0))) -> 2148 | AF24: =IF(((Y24*$A$1)*24)<$C$1,"-",IF(ROUNDUP((((Y24*100/107)*(1+($A$1*24)))/24)*1.07,0)<$B$1,"-",ROUNDUP(((((Y24*100/107)+$D24)*(1+($A$1*24)))/24)*1.07,0))) -> 1703 | AG24: =ROUNDUP($B24*35%,0) -> 13997 | AH24: =$B24-AG24 -> 25993 | AI24: =AH24+$D24 -> 27893 | AJ24: =IF(((AH24*$A$1)*6)<$C$1,"-",IF(ROUNDUP((((AH24*100/107)*(1+($A$1*6)))/6)*1.07,0)<$B$1,"-",ROUNDUP(((((AH24*100/107)+$D24)*(1+($A$1*6)))/6)*1.07,0))) -> 4994 | AK24: =IF(((AH24*$A$1)*9)<$C$1,"-",IF(ROUNDUP((((AH24*100/107)*(1+($A$1*9)))/9)*1.07,0)<$B$1,"-",ROUNDUP(((((AH24*100/107)+$D24)*(1+($A$1*9)))/9)*1.07,0))) -> 3437 | AL24: =IF(((AH24*$A$1)*12)<$C$1,"-",IF(ROUNDUP((((AH24*100/107)*(1+($A$1*12)))/12)*1.07,0)<$B$1,"-",ROUNDUP(((((AH24*100/107)+$D24)*(1+($A$1*12)))/12)*1.07,0))) -> 2658 | AM24: =IF(((AH24*$A$1)*15)<$C$1,"-",IF(ROUNDUP((((AH24*100/107)*(1+($A$1*15)))/15)*1.07,0)<$B$1,"-",ROUNDUP(((((AH24*100/107)+$D24)*(1+($A$1*15)))/15)*1.07,0))) -> 2191 | AN24: =IF(((AH24*$A$1)*18)<$C$1,"-",IF(ROUNDUP((((AH24*100/107)*(1+($A$1*18)))/18)*1.07,0)<$B$1,"-",ROUNDUP(((((AH24*100/107)+$D24)*(1+($A$1*18)))/18)*1.07,0))) -> 1880 | AO24: =IF(((AH24*$A$1)*24)<$C$1,"-",IF(ROUNDUP((((AH24*100/107)*(1+($A$1*24)))/24)*1.07,0)<$B$1,"-",ROUNDUP(((((AH24*100/107)+$D24)*(1+($A$1*24)))/24)*1.07,0))) -> 1491 | AP24: =ROUNDUP($B24*40%,0) -> 15996 | AQ24: =$B24-AP24 -> 23994 | AR24: =AQ24+$D24 -> 25894 | AS24: =IF(((AQ24*$A$1)*6)<$C$1,"-",IF(ROUNDUP((((AQ24*100/107)*(1+($A$1*6)))/6)*1.07,0)<$B$1,"-",ROUNDUP(((((AQ24*100/107)+$D24)*(1+($A$1*6)))/6)*1.07,0))) -> 4638 | AT24: =IF(((AQ24*$A$1)*9)<$C$1,"-",IF(ROUNDUP((((AQ24*100/107)*(1+($A$1*9)))/9)*1.07,0)<$B$1,"-",ROUNDUP(((((AQ24*100/107)+$D24)*(1+($A$1*9)))/9)*1.07,0))) -> 3192 | AU24: =IF(((AQ24*$A$1)*12)<$C$1,"-",IF(ROUNDUP((((AQ24*100/107)*(1+($A$1*12)))/12)*1.07,0)<$B$1,"-",ROUNDUP(((((AQ24*100/107)+$D24)*(1+($A$1*12)))/12)*1.07,0))) -> 2469 | AV24: =IF(((AQ24*$A$1)*15)<$C$1,"-",IF(ROUNDUP((((AQ24*100/107)*(1+($A$1*15)))/15)*1.07,0)<$B$1,"-",ROUNDUP(((((AQ24*100/107)+$D24)*(1+($A$1*15)))/15)*1.07,0))) -> 2035 | AW24: =IF(((AQ24*$A$1)*18)<$C$1,"-",IF(ROUNDUP((((AQ24*100/107)*(1+($A$1*18)))/18)*1.07,0)<$B$1,"-",ROUNDUP(((((AQ24*100/107)+$D24)*(1+($A$1*18)))/18)*1.07,0))) -> 1746 | AX24: =IF(((AQ24*$A$1)*24)<$C$1,"-",IF(ROUNDUP((((AQ24*100/107)*(1+($A$1*24)))/24)*1.07,0)<$B$1,"-",ROUNDUP(((((AQ24*100/107)+$D24)*(1+($A$1*24)))/24)*1.07,0))) -> 1384
A25: {=IFERROR(INDEX('Product Price'!A:A,SMALL('Product Price'!$D:$D,23)),"")} -> HUAWEI MatePad Pro 13.2 12/512 GB | B25: {=IFERROR(INDEX('Product Price'!B:B,SMALL('Product Price'!$D:$D,23)),"")} -> 32990 | C25: {=IFERROR(INDEX('Product Price'!C:C,SMALL('Product Price'!$D:$D,23)),"")} -> 15 | D25: =IF(AND(B25>=3900,B25<=10000),795,IF(AND(B25>=10001,B25<=20000),1450,IF(AND(B25>=20001,B25<=40000),1900,IF(AND(B25>=40001,B25<=60000),2475,IF(AND(B25>=60001,B25<=80000),4025,IF(AND(B25>=80001,B25<=100000),5175,IF(AND(B25>=100001,B25<=120000),6785,""))))))) -> 1900 | E25: =IFERROR(B25+D25,"") -> 34890 | F25: =IFERROR(ROUNDUP($B25*15%,0),"") -> 4949 | G25: =$B25-F25 -> 28041 | H25: =$G25+D25 -> 29941 | I25: =IF(((G25*$A$1)*6)<$C$1,"-",IF(ROUNDUP((((G25*100/107)*(1+($A$1*6)))/6)*1.07,0)<$B$1,"-",ROUNDUP(((((G25*100/107)+$D25)*(1+($A$1*6)))/6)*1.07,0))) -> 5359 | J25: =IF(((G25*$A$1)*9)<$C$1,"-",IF(ROUNDUP((((G25*100/107)*(1+($A$1*9)))/9)*1.07,0)<$B$1,"-",ROUNDUP(((((G25*100/107)+$D25)*(1+($A$1*9)))/9)*1.07,0))) -> 3688 | K25: =IF(((G25*$A$1)*12)<$C$1,"-",IF(ROUNDUP((((G25*100/107)*(1+($A$1*12)))/12)*1.07,0)<$B$1,"-",ROUNDUP(((((G25*100/107)+$D25)*(1+($A$1*12)))/12)*1.07,0))) -> 2853 | L25: =IF(((G25*$A$1)*15)<$C$1,"-",IF(ROUNDUP((((G25*100/107)*(1+($A$1*15)))/15)*1.07,0)<$B$1,"-",ROUNDUP(((((G25*100/107)+$D25)*(1+($A$1*15)))/15)*1.07,0))) -> 2351 | M25: =IF(((G25*$A$1)*18)<$C$1,"-",IF(ROUNDUP((((G25*100/107)*(1+($A$1*18)))/18)*1.07,0)<$B$1,"-",ROUNDUP(((((G25*100/107)+$D25)*(1+($A$1*18)))/18)*1.07,0))) -> 2017 | N25: =IF(((G25*$A$1)*24)<$C$1,"-",IF(ROUNDUP((((G25*100/107)*(1+($A$1*24)))/24)*1.07,0)<$B$1,"-",ROUNDUP(((((G25*100/107)+$D25)*(1+($A$1*24)))/24)*1.07,0))) -> 1599 | O25: =ROUNDUP($B25*20%,0) -> 6598 | P25: =$B25-O25 -> 26392 | Q25: =P25+$D25 -> 28292 | R25: =IF(((P25*$A$1)*6)<$C$1,"-",IF(ROUNDUP((((P25*100/107)*(1+($A$1*6)))/6)*1.07,0)<$B$1,"-",ROUNDUP(((((P25*100/107)+$D25)*(1+($A$1*6)))/6)*1.07,0))) -> 5065 | S25: =IF(((P25*$A$1)*9)<$C$1,"-",IF(ROUNDUP((((P25*100/107)*(1+($A$1*9)))/9)*1.07,0)<$B$1,"-",ROUNDUP(((((P25*100/107)+$D25)*(1+($A$1*9)))/9)*1.07,0))) -> 3486 | T25: =IF(((P25*$A$1)*12)<$C$1,"-",IF(ROUNDUP((((P25*100/107)*(1+($A$1*12)))/12)*1.07,0)<$B$1,"-",ROUNDUP(((((P25*100/107)+$D25)*(1+($A$1*12)))/12)*1.07,0))) -> 2696 | U25: =IF(((P25*$A$1)*15)<$C$1,"-",IF(ROUNDUP((((P25*100/107)*(1+($A$1*15)))/15)*1.07,0)<$B$1,"-",ROUNDUP(((((P25*100/107)+$D25)*(1+($A$1*15)))/15)*1.07,0))) -> 2222 | V25: =IF(((P25*$A$1)*18)<$C$1,"-",IF(ROUNDUP((((P25*100/107)*(1+($A$1*18)))/18)*1.07,0)<$B$1,"-",ROUNDUP(((((P25*100/107)+$D25)*(1+($A$1*18)))/18)*1.07,0))) -> 1907 | W25: =IF(((P25*$A$1)*24)<$C$1,"-",IF(ROUNDUP((((P25*100/107)*(1+($A$1*24)))/24)*1.07,0)<$B$1,"-",ROUNDUP(((((P25*100/107)+$D25)*(1+($A$1*24)))/24)*1.07,0))) -> 1512 | X25: =ROUNDUP($B25*25%,0) -> 8248 | Y25: =$B25-X25 -> 24742 | Z25: =Y25+$D25 -> 26642 | AA25: =IF(((Y25*$A$1)*6)<$C$1,"-",IF(ROUNDUP((((Y25*100/107)*(1+($A$1*6)))/6)*1.07,0)<$B$1,"-",ROUNDUP(((((Y25*100/107)+$D25)*(1+($A$1*6)))/6)*1.07,0))) -> 4771 | AB25: =IF(((Y25*$A$1)*9)<$C$1,"-",IF(ROUNDUP((((Y25*100/107)*(1+($A$1*9)))/9)*1.07,0)<$B$1,"-",ROUNDUP(((((Y25*100/107)+$D25)*(1+($A$1*9)))/9)*1.07,0))) -> 3283 | AC25: =IF(((Y25*$A$1)*12)<$C$1,"-",IF(ROUNDUP((((Y25*100/107)*(1+($A$1*12)))/12)*1.07,0)<$B$1,"-",ROUNDUP(((((Y25*100/107)+$D25)*(1+($A$1*12)))/12)*1.07,0))) -> 2540 | AD25: =IF(((Y25*$A$1)*15)<$C$1,"-",IF(ROUNDUP((((Y25*100/107)*(1+($A$1*15)))/15)*1.07,0)<$B$1,"-",ROUNDUP(((((Y25*100/107)+$D25)*(1+($A$1*15)))/15)*1.07,0))) -> 2093 | AE25: =IF(((Y25*$A$1)*18)<$C$1,"-",IF(ROUNDUP((((Y25*100/107)*(1+($A$1*18)))/18)*1.07,0)<$B$1,"-",ROUNDUP(((((Y25*100/107)+$D25)*(1+($A$1*18)))/18)*1.07,0))) -> 1796 | AF25: =IF(((Y25*$A$1)*24)<$C$1,"-",IF(ROUNDUP((((Y25*100/107)*(1+($A$1*24)))/24)*1.07,0)<$B$1,"-",ROUNDUP(((((Y25*100/107)+$D25)*(1+($A$1*24)))/24)*1.07,0))) -> 1424 | AG25: =ROUNDUP($B25*35%,0) -> 11547 | AH25: =$B25-AG25 -> 21443 | AI25: =AH25+$D25 -> 23343 | AJ25: =IF(((AH25*$A$1)*6)<$C$1,"-",IF(ROUNDUP((((AH25*100/107)*(1+($A$1*6)))/6)*1.07,0)<$B$1,"-",ROUNDUP(((((AH25*100/107)+$D25)*(1+($A$1*6)))/6)*1.07,0))) -> 4183 | AK25: =IF(((AH25*$A$1)*9)<$C$1,"-",IF(ROUNDUP((((AH25*100/107)*(1+($A$1*9)))/9)*1.07,0)<$B$1,"-",ROUNDUP(((((AH25*100/107)+$D25)*(1+($A$1*9)))/9)*1.07,0))) -> 2879 | AL25: =IF(((AH25*$A$1)*12)<$C$1,"-",IF(ROUNDUP((((AH25*100/107)*(1+($A$1*12)))/12)*1.07,0)<$B$1,"-",ROUNDUP(((((AH25*100/107)+$D25)*(1+($A$1*12)))/12)*1.07,0))) -> 2227 | AM25: =IF(((AH25*$A$1)*15)<$C$1,"-",IF(ROUNDUP((((AH25*100/107)*(1+($A$1*15)))/15)*1.07,0)<$B$1,"-",ROUNDUP(((((AH25*100/107)+$D25)*(1+($A$1*15)))/15)*1.07,0))) -> 1836 | AN25: =IF(((AH25*$A$1)*18)<$C$1,"-",IF(ROUNDUP((((AH25*100/107)*(1+($A$1*18)))/18)*1.07,0)<$B$1,"-",ROUNDUP(((((AH25*100/107)+$D25)*(1+($A$1*18)))/18)*1.07,0))) -> 1575 | AO25: =IF(((AH25*$A$1)*24)<$C$1,"-",IF(ROUNDUP((((AH25*100/107)*(1+($A$1*24)))/24)*1.07,0)<$B$1,"-",ROUNDUP(((((AH25*100/107)+$D25)*(1+($A$1*24)))/24)*1.07,0))) -> 1249 | AP25: =ROUNDUP($B25*40%,0) -> 13196 | AQ25: =$B25-AP25 -> 19794 | AR25: =AQ25+$D25 -> 21694 | AS25: =IF(((AQ25*$A$1)*6)<$C$1,"-",IF(ROUNDUP((((AQ25*100/107)*(1+($A$1*6)))/6)*1.07,0)<$B$1,"-",ROUNDUP(((((AQ25*100/107)+$D25)*(1+($A$1*6)))/6)*1.07,0))) -> 3889 | AT25: =IF(((AQ25*$A$1)*9)<$C$1,"-",IF(ROUNDUP((((AQ25*100/107)*(1+($A$1*9)))/9)*1.07,0)<$B$1,"-",ROUNDUP(((((AQ25*100/107)+$D25)*(1+($A$1*9)))/9)*1.07,0))) -> 2677 | AU25: =IF(((AQ25*$A$1)*12)<$C$1,"-",IF(ROUNDUP((((AQ25*100/107)*(1+($A$1*12)))/12)*1.07,0)<$B$1,"-",ROUNDUP(((((AQ25*100/107)+$D25)*(1+($A$1*12)))/12)*1.07,0))) -> 2070 | AV25: =IF(((AQ25*$A$1)*15)<$C$1,"-",IF(ROUNDUP((((AQ25*100/107)*(1+($A$1*15)))/15)*1.07,0)<$B$1,"-",ROUNDUP(((((AQ25*100/107)+$D25)*(1+($A$1*15)))/15)*1.07,0))) -> 1707 | AW25: =IF(((AQ25*$A$1)*18)<$C$1,"-",IF(ROUNDUP((((AQ25*100/107)*(1+($A$1*18)))/18)*1.07,0)<$B$1,"-",ROUNDUP(((((AQ25*100/107)+$D25)*(1+($A$1*18)))/18)*1.07,0))) -> 1464 | AX25: =IF(((AQ25*$A$1)*24)<$C$1,"-",IF(ROUNDUP((((AQ25*100/107)*(1+($A$1*24)))/24)*1.07,0)<$B$1,"-",ROUNDUP(((((AQ25*100/107)+$D25)*(1+($A$1*24)))/24)*1.07,0))) -> 1161
A26: {=IFERROR(INDEX('Product Price'!A:A,SMALL('Product Price'!$D:$D,24)),"")} -> HUAWEI MatePad Pro 12.2 2025 12/512 GB | B26: {=IFERROR(INDEX('Product Price'!B:B,SMALL('Product Price'!$D:$D,24)),"")} -> 27990 | C26: {=IFERROR(INDEX('Product Price'!C:C,SMALL('Product Price'!$D:$D,24)),"")} -> 16 | D26: =IF(AND(B26>=3900,B26<=10000),795,IF(AND(B26>=10001,B26<=20000),1450,IF(AND(B26>=20001,B26<=40000),1900,IF(AND(B26>=40001,B26<=60000),2475,IF(AND(B26>=60001,B26<=80000),4025,IF(AND(B26>=80001,B26<=100000),5175,IF(AND(B26>=100001,B26<=120000),6785,""))))))) -> 1900 | E26: =IFERROR(B26+D26,"") -> 29890 | F26: =IFERROR(ROUNDUP($B26*15%,0),"") -> 4199 | G26: =$B26-F26 -> 23791 | H26: =$G26+D26 -> 25691 | I26: =IF(((G26*$A$1)*6)<$C$1,"-",IF(ROUNDUP((((G26*100/107)*(1+($A$1*6)))/6)*1.07,0)<$B$1,"-",ROUNDUP(((((G26*100/107)+$D26)*(1+($A$1*6)))/6)*1.07,0))) -> 4601 | J26: =IF(((G26*$A$1)*9)<$C$1,"-",IF(ROUNDUP((((G26*100/107)*(1+($A$1*9)))/9)*1.07,0)<$B$1,"-",ROUNDUP(((((G26*100/107)+$D26)*(1+($A$1*9)))/9)*1.07,0))) -> 3167 | K26: =IF(((G26*$A$1)*12)<$C$1,"-",IF(ROUNDUP((((G26*100/107)*(1+($A$1*12)))/12)*1.07,0)<$B$1,"-",ROUNDUP(((((G26*100/107)+$D26)*(1+($A$1*12)))/12)*1.07,0))) -> 2449 | L26: =IF(((G26*$A$1)*15)<$C$1,"-",IF(ROUNDUP((((G26*100/107)*(1+($A$1*15)))/15)*1.07,0)<$B$1,"-",ROUNDUP(((((G26*100/107)+$D26)*(1+($A$1*15)))/15)*1.07,0))) -> 2019 | M26: =IF(((G26*$A$1)*18)<$C$1,"-",IF(ROUNDUP((((G26*100/107)*(1+($A$1*18)))/18)*1.07,0)<$B$1,"-",ROUNDUP(((((G26*100/107)+$D26)*(1+($A$1*18)))/18)*1.07,0))) -> 1732 | N26: =IF(((G26*$A$1)*24)<$C$1,"-",IF(ROUNDUP((((G26*100/107)*(1+($A$1*24)))/24)*1.07,0)<$B$1,"-",ROUNDUP(((((G26*100/107)+$D26)*(1+($A$1*24)))/24)*1.07,0))) -> 1373 | O26: =ROUNDUP($B26*20%,0) -> 5598 | P26: =$B26-O26 -> 22392 | Q26: =P26+$D26 -> 24292 | R26: =IF(((P26*$A$1)*6)<$C$1,"-",IF(ROUNDUP((((P26*100/107)*(1+($A$1*6)))/6)*1.07,0)<$B$1,"-",ROUNDUP(((((P26*100/107)+$D26)*(1+($A$1*6)))/6)*1.07,0))) -> 4352 | S26: =IF(((P26*$A$1)*9)<$C$1,"-",IF(ROUNDUP((((P26*100/107)*(1+($A$1*9)))/9)*1.07,0)<$B$1,"-",ROUNDUP(((((P26*100/107)+$D26)*(1+($A$1*9)))/9)*1.07,0))) -> 2995 | T26: =IF(((P26*$A$1)*12)<$C$1,"-",IF(ROUNDUP((((P26*100/107)*(1+($A$1*12)))/12)*1.07,0)<$B$1,"-",ROUNDUP(((((P26*100/107)+$D26)*(1+($A$1*12)))/12)*1.07,0))) -> 2317 | U26: =IF(((P26*$A$1)*15)<$C$1,"-",IF(ROUNDUP((((P26*100/107)*(1+($A$1*15)))/15)*1.07,0)<$B$1,"-",ROUNDUP(((((P26*100/107)+$D26)*(1+($A$1*15)))/15)*1.07,0))) -> 1910 | V26: =IF(((P26*$A$1)*18)<$C$1,"-",IF(ROUNDUP((((P26*100/107)*(1+($A$1*18)))/18)*1.07,0)<$B$1,"-",ROUNDUP(((((P26*100/107)+$D26)*(1+($A$1*18)))/18)*1.07,0))) -> 1638 | W26: =IF(((P26*$A$1)*24)<$C$1,"-",IF(ROUNDUP((((P26*100/107)*(1+($A$1*24)))/24)*1.07,0)<$B$1,"-",ROUNDUP(((((P26*100/107)+$D26)*(1+($A$1*24)))/24)*1.07,0))) -> 1299 | X26: =ROUNDUP($B26*25%,0) -> 6998 | Y26: =$B26-X26 -> 20992 | Z26: =Y26+$D26 -> 22892 | AA26: =IF(((Y26*$A$1)*6)<$C$1,"-",IF(ROUNDUP((((Y26*100/107)*(1+($A$1*6)))/6)*1.07,0)<$B$1,"-",ROUNDUP(((((Y26*100/107)+$D26)*(1+($A$1*6)))/6)*1.07,0))) -> 4103 | AB26: =IF(((Y26*$A$1)*9)<$C$1,"-",IF(ROUNDUP((((Y26*100/107)*(1+($A$1*9)))/9)*1.07,0)<$B$1,"-",ROUNDUP(((((Y26*100/107)+$D26)*(1+($A$1*9)))/9)*1.07,0))) -> 2824 | AC26: =IF(((Y26*$A$1)*12)<$C$1,"-",IF(ROUNDUP((((Y26*100/107)*(1+($A$1*12)))/12)*1.07,0)<$B$1,"-",ROUNDUP(((((Y26*100/107)+$D26)*(1+($A$1*12)))/12)*1.07,0))) -> 2184 | AD26: =IF(((Y26*$A$1)*15)<$C$1,"-",IF(ROUNDUP((((Y26*100/107)*(1+($A$1*15)))/15)*1.07,0)<$B$1,"-",ROUNDUP(((((Y26*100/107)+$D26)*(1+($A$1*15)))/15)*1.07,0))) -> 1800 | AE26: =IF(((Y26*$A$1)*18)<$C$1,"-",IF(ROUNDUP((((Y26*100/107)*(1+($A$1*18)))/18)*1.07,0)<$B$1,"-",ROUNDUP(((((Y26*100/107)+$D26)*(1+($A$1*18)))/18)*1.07,0))) -> 1544 | AF26: =IF(((Y26*$A$1)*24)<$C$1,"-",IF(ROUNDUP((((Y26*100/107)*(1+($A$1*24)))/24)*1.07,0)<$B$1,"-",ROUNDUP(((((Y26*100/107)+$D26)*(1+($A$1*24)))/24)*1.07,0))) -> 1225 | AG26: =ROUNDUP($B26*35%,0) -> 9797 | AH26: =$B26-AG26 -> 18193 | AI26: =AH26+$D26 -> 20093 | AJ26: =IF(((AH26*$A$1)*6)<$C$1,"-",IF(ROUNDUP((((AH26*100/107)*(1+($A$1*6)))/6)*1.07,0)<$B$1,"-",ROUNDUP(((((AH26*100/107)+$D26)*(1+($A$1*6)))/6)*1.07,0))) -> 3604 | AK26: =IF(((AH26*$A$1)*9)<$C$1,"-",IF(ROUNDUP((((AH26*100/107)*(1+($A$1*9)))/9)*1.07,0)<$B$1,"-",ROUNDUP(((((AH26*100/107)+$D26)*(1+($A$1*9)))/9)*1.07,0))) -> 2480 | AL26: =IF(((AH26*$A$1)*12)<$C$1,"-",IF(ROUNDUP((((AH26*100/107)*(1+($A$1*12)))/12)*1.07,0)<$B$1,"-",ROUNDUP(((((AH26*100/107)+$D26)*(1+($A$1*12)))/12)*1.07,0))) -> 1919 | AM26: =IF(((AH26*$A$1)*15)<$C$1,"-",IF(ROUNDUP((((AH26*100/107)*(1+($A$1*15)))/15)*1.07,0)<$B$1,"-",ROUNDUP(((((AH26*100/107)+$D26)*(1+($A$1*15)))/15)*1.07,0))) -> 1581 | AN26: =IF(((AH26*$A$1)*18)<$C$1,"-",IF(ROUNDUP((((AH26*100/107)*(1+($A$1*18)))/18)*1.07,0)<$B$1,"-",ROUNDUP(((((AH26*100/107)+$D26)*(1+($A$1*18)))/18)*1.07,0))) -> 1357 | AO26: =IF(((AH26*$A$1)*24)<$C$1,"-",IF(ROUNDUP((((AH26*100/107)*(1+($A$1*24)))/24)*1.07,0)<$B$1,"-",ROUNDUP(((((AH26*100/107)+$D26)*(1+($A$1*24)))/24)*1.07,0))) -> 1076 | AP26: =ROUNDUP($B26*40%,0) -> 11196 | AQ26: =$B26-AP26 -> 16794 | AR26: =AQ26+$D26 -> 18694 | AS26: =IF(((AQ26*$A$1)*6)<$C$1,"-",IF(ROUNDUP((((AQ26*100/107)*(1+($A$1*6)))/6)*1.07,0)<$B$1,"-",ROUNDUP(((((AQ26*100/107)+$D26)*(1+($A$1*6)))/6)*1.07,0))) -> 3355 | AT26: =IF(((AQ26*$A$1)*9)<$C$1,"-",IF(ROUNDUP((((AQ26*100/107)*(1+($A$1*9)))/9)*1.07,0)<$B$1,"-",ROUNDUP(((((AQ26*100/107)+$D26)*(1+($A$1*9)))/9)*1.07,0))) -> 2309 | AU26: =IF(((AQ26*$A$1)*12)<$C$1,"-",IF(ROUNDUP((((AQ26*100/107)*(1+($A$1*12)))/12)*1.07,0)<$B$1,"-",ROUNDUP(((((AQ26*100/107)+$D26)*(1+($A$1*12)))/12)*1.07,0))) -> 1786 | AV26: =IF(((AQ26*$A$1)*15)<$C$1,"-",IF(ROUNDUP((((AQ26*100/107)*(1+($A$1*15)))/15)*1.07,0)<$B$1,"-",ROUNDUP(((((AQ26*100/107)+$D26)*(1+($A$1*15)))/15)*1.07,0))) -> 1472 | AW26: =IF(((AQ26*$A$1)*18)<$C$1,"-",IF(ROUNDUP((((AQ26*100/107)*(1+($A$1*18)))/18)*1.07,0)<$B$1,"-",ROUNDUP(((((AQ26*100/107)+$D26)*(1+($A$1*18)))/18)*1.07,0))) -> 1263 | AX26: =IF(((AQ26*$A$1)*24)<$C$1,"-",IF(ROUNDUP((((AQ26*100/107)*(1+($A$1*24)))/24)*1.07,0)<$B$1,"-",ROUNDUP(((((AQ26*100/107)+$D26)*(1+($A$1*24)))/24)*1.07,0))) -> 1001
A27: {=IFERROR(INDEX('Product Price'!A:A,SMALL('Product Price'!$D:$D,25)),"")} -> HUAWEI MatePad 11.5 2025 8/256 GB | B27: {=IFERROR(INDEX('Product Price'!B:B,SMALL('Product Price'!$D:$D,25)),"")} -> 11990 | C27: {=IFERROR(INDEX('Product Price'!C:C,SMALL('Product Price'!$D:$D,25)),"")} -> 17 | D27: =IF(AND(B27>=3900,B27<=10000),795,IF(AND(B27>=10001,B27<=20000),1450,IF(AND(B27>=20001,B27<=40000),1900,IF(AND(B27>=40001,B27<=60000),2475,IF(AND(B27>=60001,B27<=80000),4025,IF(AND(B27>=80001,B27<=100000),5175,IF(AND(B27>=100001,B27<=120000),6785,""))))))) -> 1450 | E27: =IFERROR(B27+D27,"") -> 13440 | F27: =IFERROR(ROUNDUP($B27*15%,0),"") -> 1799 | G27: =$B27-F27 -> 10191 | H27: =$G27+D27 -> 11641 | I27: =IF(((G27*$A$1)*6)<$C$1,"-",IF(ROUNDUP((((G27*100/107)*(1+($A$1*6)))/6)*1.07,0)<$B$1,"-",ROUNDUP(((((G27*100/107)+$D27)*(1+($A$1*6)))/6)*1.07,0))) -> 2093 | J27: =IF(((G27*$A$1)*9)<$C$1,"-",IF(ROUNDUP((((G27*100/107)*(1+($A$1*9)))/9)*1.07,0)<$B$1,"-",ROUNDUP(((((G27*100/107)+$D27)*(1+($A$1*9)))/9)*1.07,0))) -> 1440 | K27: =IF(((G27*$A$1)*12)<$C$1,"-",IF(ROUNDUP((((G27*100/107)*(1+($A$1*12)))/12)*1.07,0)<$B$1,"-",ROUNDUP(((((G27*100/107)+$D27)*(1+($A$1*12)))/12)*1.07,0))) -> 1114 | L27: =IF(((G27*$A$1)*15)<$C$1,"-",IF(ROUNDUP((((G27*100/107)*(1+($A$1*15)))/15)*1.07,0)<$B$1,"-",ROUNDUP(((((G27*100/107)+$D27)*(1+($A$1*15)))/15)*1.07,0))) -> 918 | M27: =IF(((G27*$A$1)*18)<$C$1,"-",IF(ROUNDUP((((G27*100/107)*(1+($A$1*18)))/18)*1.07,0)<$B$1,"-",ROUNDUP(((((G27*100/107)+$D27)*(1+($A$1*18)))/18)*1.07,0))) -> 788 | N27: =IF(((G27*$A$1)*24)<$C$1,"-",IF(ROUNDUP((((G27*100/107)*(1+($A$1*24)))/24)*1.07,0)<$B$1,"-",ROUNDUP(((((G27*100/107)+$D27)*(1+($A$1*24)))/24)*1.07,0))) -> 625 | O27: =ROUNDUP($B27*20%,0) -> 2398 | P27: =$B27-O27 -> 9592 | Q27: =P27+$D27 -> 11042 | R27: =IF(((P27*$A$1)*6)<$C$1,"-",IF(ROUNDUP((((P27*100/107)*(1+($A$1*6)))/6)*1.07,0)<$B$1,"-",ROUNDUP(((((P27*100/107)+$D27)*(1+($A$1*6)))/6)*1.07,0))) -> 1986 | S27: =IF(((P27*$A$1)*9)<$C$1,"-",IF(ROUNDUP((((P27*100/107)*(1+($A$1*9)))/9)*1.07,0)<$B$1,"-",ROUNDUP(((((P27*100/107)+$D27)*(1+($A$1*9)))/9)*1.07,0))) -> 1367 | T27: =IF(((P27*$A$1)*12)<$C$1,"-",IF(ROUNDUP((((P27*100/107)*(1+($A$1*12)))/12)*1.07,0)<$B$1,"-",ROUNDUP(((((P27*100/107)+$D27)*(1+($A$1*12)))/12)*1.07,0))) -> 1057 | U27: =IF(((P27*$A$1)*15)<$C$1,"-",IF(ROUNDUP((((P27*100/107)*(1+($A$1*15)))/15)*1.07,0)<$B$1,"-",ROUNDUP(((((P27*100/107)+$D27)*(1+($A$1*15)))/15)*1.07,0))) -> 872 | V27: =IF(((P27*$A$1)*18)<$C$1,"-",IF(ROUNDUP((((P27*100/107)*(1+($A$1*18)))/18)*1.07,0)<$B$1,"-",ROUNDUP(((((P27*100/107)+$D27)*(1+($A$1*18)))/18)*1.07,0))) -> 748 | W27: =IF(((P27*$A$1)*24)<$C$1,"-",IF(ROUNDUP((((P27*100/107)*(1+($A$1*24)))/24)*1.07,0)<$B$1,"-",ROUNDUP(((((P27*100/107)+$D27)*(1+($A$1*24)))/24)*1.07,0))) -> 593 | X27: =ROUNDUP($B27*25%,0) -> 2998 | Y27: =$B27-X27 -> 8992 | Z27: =Y27+$D27 -> 10442 | AA27: =IF(((Y27*$A$1)*6)<$C$1,"-",IF(ROUNDUP((((Y27*100/107)*(1+($A$1*6)))/6)*1.07,0)<$B$1,"-",ROUNDUP(((((Y27*100/107)+$D27)*(1+($A$1*6)))/6)*1.07,0))) -> 1879 | AB27: =IF(((Y27*$A$1)*9)<$C$1,"-",IF(ROUNDUP((((Y27*100/107)*(1+($A$1*9)))/9)*1.07,0)<$B$1,"-",ROUNDUP(((((Y27*100/107)+$D27)*(1+($A$1*9)))/9)*1.07,0))) -> 1293 | AC27: =IF(((Y27*$A$1)*12)<$C$1,"-",IF(ROUNDUP((((Y27*100/107)*(1+($A$1*12)))/12)*1.07,0)<$B$1,"-",ROUNDUP(((((Y27*100/107)+$D27)*(1+($A$1*12)))/12)*1.07,0))) -> 1000 | AD27: =IF(((Y27*$A$1)*15)<$C$1,"-",IF(ROUNDUP((((Y27*100/107)*(1+($A$1*15)))/15)*1.07,0)<$B$1,"-",ROUNDUP(((((Y27*100/107)+$D27)*(1+($A$1*15)))/15)*1.07,0))) -> 825 | AE27: =IF(((Y27*$A$1)*18)<$C$1,"-",IF(ROUNDUP((((Y27*100/107)*(1+($A$1*18)))/18)*1.07,0)<$B$1,"-",ROUNDUP(((((Y27*100/107)+$D27)*(1+($A$1*18)))/18)*1.07,0))) -> 708 | AF27: =IF(((Y27*$A$1)*24)<$C$1,"-",IF(ROUNDUP((((Y27*100/107)*(1+($A$1*24)))/24)*1.07,0)<$B$1,"-",ROUNDUP(((((Y27*100/107)+$D27)*(1+($A$1*24)))/24)*1.07,0))) -> 561 | AG27: =ROUNDUP($B27*35%,0) -> 4197 | AH27: =$B27-AG27 -> 7793 | AI27: =AH27+$D27 -> 9243 | AJ27: =IF(((AH27*$A$1)*6)<$C$1,"-",IF(ROUNDUP((((AH27*100/107)*(1+($A$1*6)))/6)*1.07,0)<$B$1,"-",ROUNDUP(((((AH27*100/107)+$D27)*(1+($A$1*6)))/6)*1.07,0))) -> 1665 | AK27: =IF(((AH27*$A$1)*9)<$C$1,"-",IF(ROUNDUP((((AH27*100/107)*(1+($A$1*9)))/9)*1.07,0)<$B$1,"-",ROUNDUP(((((AH27*100/107)+$D27)*(1+($A$1*9)))/9)*1.07,0))) -> 1146 | AL27: =IF(((AH27*$A$1)*12)<$C$1,"-",IF(ROUNDUP((((AH27*100/107)*(1+($A$1*12)))/12)*1.07,0)<$B$1,"-",ROUNDUP(((((AH27*100/107)+$D27)*(1+($A$1*12)))/12)*1.07,0))) -> 887 | AM27: =IF(((AH27*$A$1)*15)<$C$1,"-",IF(ROUNDUP((((AH27*100/107)*(1+($A$1*15)))/15)*1.07,0)<$B$1,"-",ROUNDUP(((((AH27*100/107)+$D27)*(1+($A$1*15)))/15)*1.07,0))) -> 731 | AN27: =IF(((AH27*$A$1)*18)<$C$1,"-",IF(ROUNDUP((((AH27*100/107)*(1+($A$1*18)))/18)*1.07,0)<$B$1,"-",ROUNDUP(((((AH27*100/107)+$D27)*(1+($A$1*18)))/18)*1.07,0))) -> 627 | AO27: =IF(((AH27*$A$1)*24)<$C$1,"-",IF(ROUNDUP((((AH27*100/107)*(1+($A$1*24)))/24)*1.07,0)<$B$1,"-",ROUNDUP(((((AH27*100/107)+$D27)*(1+($A$1*24)))/24)*1.07,0))) -> 497 | AP27: =ROUNDUP($B27*40%,0) -> 4796 | AQ27: =$B27-AP27 -> 7194 | AR27: =AQ27+$D27 -> 8644 | AS27: =IF(((AQ27*$A$1)*6)<$C$1,"-",IF(ROUNDUP((((AQ27*100/107)*(1+($A$1*6)))/6)*1.07,0)<$B$1,"-",ROUNDUP(((((AQ27*100/107)+$D27)*(1+($A$1*6)))/6)*1.07,0))) -> 1559 | AT27: =IF(((AQ27*$A$1)*9)<$C$1,"-",IF(ROUNDUP((((AQ27*100/107)*(1+($A$1*9)))/9)*1.07,0)<$B$1,"-",ROUNDUP(((((AQ27*100/107)+$D27)*(1+($A$1*9)))/9)*1.07,0))) -> 1073 | AU27: =IF(((AQ27*$A$1)*12)<$C$1,"-",IF(ROUNDUP((((AQ27*100/107)*(1+($A$1*12)))/12)*1.07,0)<$B$1,"-",ROUNDUP(((((AQ27*100/107)+$D27)*(1+($A$1*12)))/12)*1.07,0))) -> 830 | AV27: =IF(((AQ27*$A$1)*15)<$C$1,"-",IF(ROUNDUP((((AQ27*100/107)*(1+($A$1*15)))/15)*1.07,0)<$B$1,"-",ROUNDUP(((((AQ27*100/107)+$D27)*(1+($A$1*15)))/15)*1.07,0))) -> 684 | AW27: =IF(((AQ27*$A$1)*18)<$C$1,"-",IF(ROUNDUP((((AQ27*100/107)*(1+($A$1*18)))/18)*1.07,0)<$B$1,"-",ROUNDUP(((((AQ27*100/107)+$D27)*(1+($A$1*18)))/18)*1.07,0))) -> 587 | AX27: =IF(((AQ27*$A$1)*24)<$C$1,"-",IF(ROUNDUP((((AQ27*100/107)*(1+($A$1*24)))/24)*1.07,0)<$B$1,"-",ROUNDUP(((((AQ27*100/107)+$D27)*(1+($A$1*24)))/24)*1.07,0))) -> -
A28: {=IFERROR(INDEX('Product Price'!A:A,SMALL('Product Price'!$D:$D,26)),"")} -> HUAWEI MatePad 11.5 S 12/256 GB | B28: {=IFERROR(INDEX('Product Price'!B:B,SMALL('Product Price'!$D:$D,26)),"")} -> 13990 | C28: {=IFERROR(INDEX('Product Price'!C:C,SMALL('Product Price'!$D:$D,26)),"")} -> 18 | D28: =IF(AND(B28>=3900,B28<=10000),795,IF(AND(B28>=10001,B28<=20000),1450,IF(AND(B28>=20001,B28<=40000),1900,IF(AND(B28>=40001,B28<=60000),2475,IF(AND(B28>=60001,B28<=80000),4025,IF(AND(B28>=80001,B28<=100000),5175,IF(AND(B28>=100001,B28<=120000),6785,""))))))) -> 1450 | E28: =IFERROR(B28+D28,"") -> 15440 | F28: =IFERROR(ROUNDUP($B28*15%,0),"") -> 2099 | G28: =$B28-F28 -> 11891 | H28: =$G28+D28 -> 13341 | I28: =IF(((G28*$A$1)*6)<$C$1,"-",IF(ROUNDUP((((G28*100/107)*(1+($A$1*6)))/6)*1.07,0)<$B$1,"-",ROUNDUP(((((G28*100/107)+$D28)*(1+($A$1*6)))/6)*1.07,0))) -> 2396 | J28: =IF(((G28*$A$1)*9)<$C$1,"-",IF(ROUNDUP((((G28*100/107)*(1+($A$1*9)))/9)*1.07,0)<$B$1,"-",ROUNDUP(((((G28*100/107)+$D28)*(1+($A$1*9)))/9)*1.07,0))) -> 1649 | K28: =IF(((G28*$A$1)*12)<$C$1,"-",IF(ROUNDUP((((G28*100/107)*(1+($A$1*12)))/12)*1.07,0)<$B$1,"-",ROUNDUP(((((G28*100/107)+$D28)*(1+($A$1*12)))/12)*1.07,0))) -> 1275 | L28: =IF(((G28*$A$1)*15)<$C$1,"-",IF(ROUNDUP((((G28*100/107)*(1+($A$1*15)))/15)*1.07,0)<$B$1,"-",ROUNDUP(((((G28*100/107)+$D28)*(1+($A$1*15)))/15)*1.07,0))) -> 1051 | M28: =IF(((G28*$A$1)*18)<$C$1,"-",IF(ROUNDUP((((G28*100/107)*(1+($A$1*18)))/18)*1.07,0)<$B$1,"-",ROUNDUP(((((G28*100/107)+$D28)*(1+($A$1*18)))/18)*1.07,0))) -> 902 | N28: =IF(((G28*$A$1)*24)<$C$1,"-",IF(ROUNDUP((((G28*100/107)*(1+($A$1*24)))/24)*1.07,0)<$B$1,"-",ROUNDUP(((((G28*100/107)+$D28)*(1+($A$1*24)))/24)*1.07,0))) -> 715 | O28: =ROUNDUP($B28*20%,0) -> 2798 | P28: =$B28-O28 -> 11192 | Q28: =P28+$D28 -> 12642 | R28: =IF(((P28*$A$1)*6)<$C$1,"-",IF(ROUNDUP((((P28*100/107)*(1+($A$1*6)))/6)*1.07,0)<$B$1,"-",ROUNDUP(((((P28*100/107)+$D28)*(1+($A$1*6)))/6)*1.07,0))) -> 2271 | S28: =IF(((P28*$A$1)*9)<$C$1,"-",IF(ROUNDUP((((P28*100/107)*(1+($A$1*9)))/9)*1.07,0)<$B$1,"-",ROUNDUP(((((P28*100/107)+$D28)*(1+($A$1*9)))/9)*1.07,0))) -> 1563 | T28: =IF(((P28*$A$1)*12)<$C$1,"-",IF(ROUNDUP((((P28*100/107)*(1+($A$1*12)))/12)*1.07,0)<$B$1,"-",ROUNDUP(((((P28*100/107)+$D28)*(1+($A$1*12)))/12)*1.07,0))) -> 1209 | U28: =IF(((P28*$A$1)*15)<$C$1,"-",IF(ROUNDUP((((P28*100/107)*(1+($A$1*15)))/15)*1.07,0)<$B$1,"-",ROUNDUP(((((P28*100/107)+$D28)*(1+($A$1*15)))/15)*1.07,0))) -> 997 | V28: =IF(((P28*$A$1)*18)<$C$1,"-",IF(ROUNDUP((((P28*100/107)*(1+($A$1*18)))/18)*1.07,0)<$B$1,"-",ROUNDUP(((((P28*100/107)+$D28)*(1+($A$1*18)))/18)*1.07,0))) -> 855 | W28: =IF(((P28*$A$1)*24)<$C$1,"-",IF(ROUNDUP((((P28*100/107)*(1+($A$1*24)))/24)*1.07,0)<$B$1,"-",ROUNDUP(((((P28*100/107)+$D28)*(1+($A$1*24)))/24)*1.07,0))) -> 678 | X28: =ROUNDUP($B28*25%,0) -> 3498 | Y28: =$B28-X28 -> 10492 | Z28: =Y28+$D28 -> 11942 | AA28: =IF(((Y28*$A$1)*6)<$C$1,"-",IF(ROUNDUP((((Y28*100/107)*(1+($A$1*6)))/6)*1.07,0)<$B$1,"-",ROUNDUP(((((Y28*100/107)+$D28)*(1+($A$1*6)))/6)*1.07,0))) -> 2146 | AB28: =IF(((Y28*$A$1)*9)<$C$1,"-",IF(ROUNDUP((((Y28*100/107)*(1+($A$1*9)))/9)*1.07,0)<$B$1,"-",ROUNDUP(((((Y28*100/107)+$D28)*(1+($A$1*9)))/9)*1.07,0))) -> 1477 | AC28: =IF(((Y28*$A$1)*12)<$C$1,"-",IF(ROUNDUP((((Y28*100/107)*(1+($A$1*12)))/12)*1.07,0)<$B$1,"-",ROUNDUP(((((Y28*100/107)+$D28)*(1+($A$1*12)))/12)*1.07,0))) -> 1143 | AD28: =IF(((Y28*$A$1)*15)<$C$1,"-",IF(ROUNDUP((((Y28*100/107)*(1+($A$1*15)))/15)*1.07,0)<$B$1,"-",ROUNDUP(((((Y28*100/107)+$D28)*(1+($A$1*15)))/15)*1.07,0))) -> 942 | AE28: =IF(((Y28*$A$1)*18)<$C$1,"-",IF(ROUNDUP((((Y28*100/107)*(1+($A$1*18)))/18)*1.07,0)<$B$1,"-",ROUNDUP(((((Y28*100/107)+$D28)*(1+($A$1*18)))/18)*1.07,0))) -> 808 | AF28: =IF(((Y28*$A$1)*24)<$C$1,"-",IF(ROUNDUP((((Y28*100/107)*(1+($A$1*24)))/24)*1.07,0)<$B$1,"-",ROUNDUP(((((Y28*100/107)+$D28)*(1+($A$1*24)))/24)*1.07,0))) -> 641 | AG28: =ROUNDUP($B28*35%,0) -> 4897 | AH28: =$B28-AG28 -> 9093 | AI28: =AH28+$D28 -> 10543 | AJ28: =IF(((AH28*$A$1)*6)<$C$1,"-",IF(ROUNDUP((((AH28*100/107)*(1+($A$1*6)))/6)*1.07,0)<$B$1,"-",ROUNDUP(((((AH28*100/107)+$D28)*(1+($A$1*6)))/6)*1.07,0))) -> 1897 | AK28: =IF(((AH28*$A$1)*9)<$C$1,"-",IF(ROUNDUP((((AH28*100/107)*(1+($A$1*9)))/9)*1.07,0)<$B$1,"-",ROUNDUP(((((AH28*100/107)+$D28)*(1+($A$1*9)))/9)*1.07,0))) -> 1306 | AL28: =IF(((AH28*$A$1)*12)<$C$1,"-",IF(ROUNDUP((((AH28*100/107)*(1+($A$1*12)))/12)*1.07,0)<$B$1,"-",ROUNDUP(((((AH28*100/107)+$D28)*(1+($A$1*12)))/12)*1.07,0))) -> 1010 | AM28: =IF(((AH28*$A$1)*15)<$C$1,"-",IF(ROUNDUP((((AH28*100/107)*(1+($A$1*15)))/15)*1.07,0)<$B$1,"-",ROUNDUP(((((AH28*100/107)+$D28)*(1+($A$1*15)))/15)*1.07,0))) -> 833 | AN28: =IF(((AH28*$A$1)*18)<$C$1,"-",IF(ROUNDUP((((AH28*100/107)*(1+($A$1*18)))/18)*1.07,0)<$B$1,"-",ROUNDUP(((((AH28*100/107)+$D28)*(1+($A$1*18)))/18)*1.07,0))) -> 714 | AO28: =IF(((AH28*$A$1)*24)<$C$1,"-",IF(ROUNDUP((((AH28*100/107)*(1+($A$1*24)))/24)*1.07,0)<$B$1,"-",ROUNDUP(((((AH28*100/107)+$D28)*(1+($A$1*24)))/24)*1.07,0))) -> 566 | AP28: =ROUNDUP($B28*40%,0) -> 5596 | AQ28: =$B28-AP28 -> 8394 | AR28: =AQ28+$D28 -> 9844 | AS28: =IF(((AQ28*$A$1)*6)<$C$1,"-",IF(ROUNDUP((((AQ28*100/107)*(1+($A$1*6)))/6)*1.07,0)<$B$1,"-",ROUNDUP(((((AQ28*100/107)+$D28)*(1+($A$1*6)))/6)*1.07,0))) -> 1772 | AT28: =IF(((AQ28*$A$1)*9)<$C$1,"-",IF(ROUNDUP((((AQ28*100/107)*(1+($A$1*9)))/9)*1.07,0)<$B$1,"-",ROUNDUP(((((AQ28*100/107)+$D28)*(1+($A$1*9)))/9)*1.07,0))) -> 1220 | AU28: =IF(((AQ28*$A$1)*12)<$C$1,"-",IF(ROUNDUP((((AQ28*100/107)*(1+($A$1*12)))/12)*1.07,0)<$B$1,"-",ROUNDUP(((((AQ28*100/107)+$D28)*(1+($A$1*12)))/12)*1.07,0))) -> 944 | AV28: =IF(((AQ28*$A$1)*15)<$C$1,"-",IF(ROUNDUP((((AQ28*100/107)*(1+($A$1*15)))/15)*1.07,0)<$B$1,"-",ROUNDUP(((((AQ28*100/107)+$D28)*(1+($A$1*15)))/15)*1.07,0))) -> 778 | AW28: =IF(((AQ28*$A$1)*18)<$C$1,"-",IF(ROUNDUP((((AQ28*100/107)*(1+($A$1*18)))/18)*1.07,0)<$B$1,"-",ROUNDUP(((((AQ28*100/107)+$D28)*(1+($A$1*18)))/18)*1.07,0))) -> 667 | AX28: =IF(((AQ28*$A$1)*24)<$C$1,"-",IF(ROUNDUP((((AQ28*100/107)*(1+($A$1*24)))/24)*1.07,0)<$B$1,"-",ROUNDUP(((((AQ28*100/107)+$D28)*(1+($A$1*24)))/24)*1.07,0))) -> 529
A29: {=IFERROR(INDEX('Product Price'!A:A,SMALL('Product Price'!$D:$D,27)),"")} -> HUAWEI MatePad Mini 12/256 GB | B29: {=IFERROR(INDEX('Product Price'!B:B,SMALL('Product Price'!$D:$D,27)),"")} -> 18990 | C29: {=IFERROR(INDEX('Product Price'!C:C,SMALL('Product Price'!$D:$D,27)),"")} -> 19 | D29: =IF(AND(B29>=3900,B29<=10000),795,IF(AND(B29>=10001,B29<=20000),1450,IF(AND(B29>=20001,B29<=40000),1900,IF(AND(B29>=40001,B29<=60000),2475,IF(AND(B29>=60001,B29<=80000),4025,IF(AND(B29>=80001,B29<=100000),5175,IF(AND(B29>=100001,B29<=120000),6785,""))))))) -> 1450 | E29: =IFERROR(B29+D29,"") -> 20440 | F29: =IFERROR(ROUNDUP($B29*15%,0),"") -> 2849 | G29: =$B29-F29 -> 16141 | H29: =$G29+D29 -> 17591 | I29: =IF(((G29*$A$1)*6)<$C$1,"-",IF(ROUNDUP((((G29*100/107)*(1+($A$1*6)))/6)*1.07,0)<$B$1,"-",ROUNDUP(((((G29*100/107)+$D29)*(1+($A$1*6)))/6)*1.07,0))) -> 3153 | J29: =IF(((G29*$A$1)*9)<$C$1,"-",IF(ROUNDUP((((G29*100/107)*(1+($A$1*9)))/9)*1.07,0)<$B$1,"-",ROUNDUP(((((G29*100/107)+$D29)*(1+($A$1*9)))/9)*1.07,0))) -> 2170 | K29: =IF(((G29*$A$1)*12)<$C$1,"-",IF(ROUNDUP((((G29*100/107)*(1+($A$1*12)))/12)*1.07,0)<$B$1,"-",ROUNDUP(((((G29*100/107)+$D29)*(1+($A$1*12)))/12)*1.07,0))) -> 1678 | L29: =IF(((G29*$A$1)*15)<$C$1,"-",IF(ROUNDUP((((G29*100/107)*(1+($A$1*15)))/15)*1.07,0)<$B$1,"-",ROUNDUP(((((G29*100/107)+$D29)*(1+($A$1*15)))/15)*1.07,0))) -> 1383 | M29: =IF(((G29*$A$1)*18)<$C$1,"-",IF(ROUNDUP((((G29*100/107)*(1+($A$1*18)))/18)*1.07,0)<$B$1,"-",ROUNDUP(((((G29*100/107)+$D29)*(1+($A$1*18)))/18)*1.07,0))) -> 1187 | N29: =IF(((G29*$A$1)*24)<$C$1,"-",IF(ROUNDUP((((G29*100/107)*(1+($A$1*24)))/24)*1.07,0)<$B$1,"-",ROUNDUP(((((G29*100/107)+$D29)*(1+($A$1*24)))/24)*1.07,0))) -> 941 | O29: =ROUNDUP($B29*20%,0) -> 3798 | P29: =$B29-O29 -> 15192 | Q29: =P29+$D29 -> 16642 | R29: =IF(((P29*$A$1)*6)<$C$1,"-",IF(ROUNDUP((((P29*100/107)*(1+($A$1*6)))/6)*1.07,0)<$B$1,"-",ROUNDUP(((((P29*100/107)+$D29)*(1+($A$1*6)))/6)*1.07,0))) -> 2984 | S29: =IF(((P29*$A$1)*9)<$C$1,"-",IF(ROUNDUP((((P29*100/107)*(1+($A$1*9)))/9)*1.07,0)<$B$1,"-",ROUNDUP(((((P29*100/107)+$D29)*(1+($A$1*9)))/9)*1.07,0))) -> 2053 | T29: =IF(((P29*$A$1)*12)<$C$1,"-",IF(ROUNDUP((((P29*100/107)*(1+($A$1*12)))/12)*1.07,0)<$B$1,"-",ROUNDUP(((((P29*100/107)+$D29)*(1+($A$1*12)))/12)*1.07,0))) -> 1588 | U29: =IF(((P29*$A$1)*15)<$C$1,"-",IF(ROUNDUP((((P29*100/107)*(1+($A$1*15)))/15)*1.07,0)<$B$1,"-",ROUNDUP(((((P29*100/107)+$D29)*(1+($A$1*15)))/15)*1.07,0))) -> 1309 | V29: =IF(((P29*$A$1)*18)<$C$1,"-",IF(ROUNDUP((((P29*100/107)*(1+($A$1*18)))/18)*1.07,0)<$B$1,"-",ROUNDUP(((((P29*100/107)+$D29)*(1+($A$1*18)))/18)*1.07,0))) -> 1123 | W29: =IF(((P29*$A$1)*24)<$C$1,"-",IF(ROUNDUP((((P29*100/107)*(1+($A$1*24)))/24)*1.07,0)<$B$1,"-",ROUNDUP(((((P29*100/107)+$D29)*(1+($A$1*24)))/24)*1.07,0))) -> 891 | X29: =ROUNDUP($B29*25%,0) -> 4748 | Y29: =$B29-X29 -> 14242 | Z29: =Y29+$D29 -> 15692 | AA29: =IF(((Y29*$A$1)*6)<$C$1,"-",IF(ROUNDUP((((Y29*100/107)*(1+($A$1*6)))/6)*1.07,0)<$B$1,"-",ROUNDUP(((((Y29*100/107)+$D29)*(1+($A$1*6)))/6)*1.07,0))) -> 2814 | AB29: =IF(((Y29*$A$1)*9)<$C$1,"-",IF(ROUNDUP((((Y29*100/107)*(1+($A$1*9)))/9)*1.07,0)<$B$1,"-",ROUNDUP(((((Y29*100/107)+$D29)*(1+($A$1*9)))/9)*1.07,0))) -> 1937 | AC29: =IF(((Y29*$A$1)*12)<$C$1,"-",IF(ROUNDUP((((Y29*100/107)*(1+($A$1*12)))/12)*1.07,0)<$B$1,"-",ROUNDUP(((((Y29*100/107)+$D29)*(1+($A$1*12)))/12)*1.07,0))) -> 1498 | AD29: =IF(((Y29*$A$1)*15)<$C$1,"-",IF(ROUNDUP((((Y29*100/107)*(1+($A$1*15)))/15)*1.07,0)<$B$1,"-",ROUNDUP(((((Y29*100/107)+$D29)*(1+($A$1*15)))/15)*1.07,0))) -> 1235 | AE29: =IF(((Y29*$A$1)*18)<$C$1,"-",IF(ROUNDUP((((Y29*100/107)*(1+($A$1*18)))/18)*1.07,0)<$B$1,"-",ROUNDUP(((((Y29*100/107)+$D29)*(1+($A$1*18)))/18)*1.07,0))) -> 1060 | AF29: =IF(((Y29*$A$1)*24)<$C$1,"-",IF(ROUNDUP((((Y29*100/107)*(1+($A$1*24)))/24)*1.07,0)<$B$1,"-",ROUNDUP(((((Y29*100/107)+$D29)*(1+($A$1*24)))/24)*1.07,0))) -> 840 | AG29: =ROUNDUP($B29*35%,0) -> 6647 | AH29: =$B29-AG29 -> 12343 | AI29: =AH29+$D29 -> 13793 | AJ29: =IF(((AH29*$A$1)*6)<$C$1,"-",IF(ROUNDUP((((AH29*100/107)*(1+($A$1*6)))/6)*1.07,0)<$B$1,"-",ROUNDUP(((((AH29*100/107)+$D29)*(1+($A$1*6)))/6)*1.07,0))) -> 2476 | AK29: =IF(((AH29*$A$1)*9)<$C$1,"-",IF(ROUNDUP((((AH29*100/107)*(1+($A$1*9)))/9)*1.07,0)<$B$1,"-",ROUNDUP(((((AH29*100/107)+$D29)*(1+($A$1*9)))/9)*1.07,0))) -> 1704 | AL29: =IF(((AH29*$A$1)*12)<$C$1,"-",IF(ROUNDUP((((AH29*100/107)*(1+($A$1*12)))/12)*1.07,0)<$B$1,"-",ROUNDUP(((((AH29*100/107)+$D29)*(1+($A$1*12)))/12)*1.07,0))) -> 1318 | AM29: =IF(((AH29*$A$1)*15)<$C$1,"-",IF(ROUNDUP((((AH29*100/107)*(1+($A$1*15)))/15)*1.07,0)<$B$1,"-",ROUNDUP(((((AH29*100/107)+$D29)*(1+($A$1*15)))/15)*1.07,0))) -> 1087 | AN29: =IF(((AH29*$A$1)*18)<$C$1,"-",IF(ROUNDUP((((AH29*100/107)*(1+($A$1*18)))/18)*1.07,0)<$B$1,"-",ROUNDUP(((((AH29*100/107)+$D29)*(1+($A$1*18)))/18)*1.07,0))) -> 932 | AO29: =IF(((AH29*$A$1)*24)<$C$1,"-",IF(ROUNDUP((((AH29*100/107)*(1+($A$1*24)))/24)*1.07,0)<$B$1,"-",ROUNDUP(((((AH29*100/107)+$D29)*(1+($A$1*24)))/24)*1.07,0))) -> 739 | AP29: =ROUNDUP($B29*40%,0) -> 7596 | AQ29: =$B29-AP29 -> 11394 | AR29: =AQ29+$D29 -> 12844 | AS29: =IF(((AQ29*$A$1)*6)<$C$1,"-",IF(ROUNDUP((((AQ29*100/107)*(1+($A$1*6)))/6)*1.07,0)<$B$1,"-",ROUNDUP(((((AQ29*100/107)+$D29)*(1+($A$1*6)))/6)*1.07,0))) -> 2307 | AT29: =IF(((AQ29*$A$1)*9)<$C$1,"-",IF(ROUNDUP((((AQ29*100/107)*(1+($A$1*9)))/9)*1.07,0)<$B$1,"-",ROUNDUP(((((AQ29*100/107)+$D29)*(1+($A$1*9)))/9)*1.07,0))) -> 1588 | AU29: =IF(((AQ29*$A$1)*12)<$C$1,"-",IF(ROUNDUP((((AQ29*100/107)*(1+($A$1*12)))/12)*1.07,0)<$B$1,"-",ROUNDUP(((((AQ29*100/107)+$D29)*(1+($A$1*12)))/12)*1.07,0))) -> 1228 | AV29: =IF(((AQ29*$A$1)*15)<$C$1,"-",IF(ROUNDUP((((AQ29*100/107)*(1+($A$1*15)))/15)*1.07,0)<$B$1,"-",ROUNDUP(((((AQ29*100/107)+$D29)*(1+($A$1*15)))/15)*1.07,0))) -> 1012 | AW29: =IF(((AQ29*$A$1)*18)<$C$1,"-",IF(ROUNDUP((((AQ29*100/107)*(1+($A$1*18)))/18)*1.07,0)<$B$1,"-",ROUNDUP(((((AQ29*100/107)+$D29)*(1+($A$1*18)))/18)*1.07,0))) -> 869 | AX29: =IF(((AQ29*$A$1)*24)<$C$1,"-",IF(ROUNDUP((((AQ29*100/107)*(1+($A$1*24)))/24)*1.07,0)<$B$1,"-",ROUNDUP(((((AQ29*100/107)+$D29)*(1+($A$1*24)))/24)*1.07,0))) -> 689
A30: {=IFERROR(INDEX('Product Price'!A:A,SMALL('Product Price'!$D:$D,28)),"")} -> HUAWEI MatePad 12 X 12/256 GB | B30: {=IFERROR(INDEX('Product Price'!B:B,SMALL('Product Price'!$D:$D,28)),"")} -> 19990 | C30: {=IFERROR(INDEX('Product Price'!C:C,SMALL('Product Price'!$D:$D,28)),"")} -> 20 | D30: =IF(AND(B30>=3900,B30<=10000),795,IF(AND(B30>=10001,B30<=20000),1450,IF(AND(B30>=20001,B30<=40000),1900,IF(AND(B30>=40001,B30<=60000),2475,IF(AND(B30>=60001,B30<=80000),4025,IF(AND(B30>=80001,B30<=100000),5175,IF(AND(B30>=100001,B30<=120000),6785,""))))))) -> 1450 | E30: =IFERROR(B30+D30,"") -> 21440 | F30: =IFERROR(ROUNDUP($B30*15%,0),"") -> 2999 | G30: =$B30-F30 -> 16991 | H30: =$G30+D30 -> 18441 | I30: =IF(((G30*$A$1)*6)<$C$1,"-",IF(ROUNDUP((((G30*100/107)*(1+($A$1*6)))/6)*1.07,0)<$B$1,"-",ROUNDUP(((((G30*100/107)+$D30)*(1+($A$1*6)))/6)*1.07,0))) -> 3304 | J30: =IF(((G30*$A$1)*9)<$C$1,"-",IF(ROUNDUP((((G30*100/107)*(1+($A$1*9)))/9)*1.07,0)<$B$1,"-",ROUNDUP(((((G30*100/107)+$D30)*(1+($A$1*9)))/9)*1.07,0))) -> 2274 | K30: =IF(((G30*$A$1)*12)<$C$1,"-",IF(ROUNDUP((((G30*100/107)*(1+($A$1*12)))/12)*1.07,0)<$B$1,"-",ROUNDUP(((((G30*100/107)+$D30)*(1+($A$1*12)))/12)*1.07,0))) -> 1759 | L30: =IF(((G30*$A$1)*15)<$C$1,"-",IF(ROUNDUP((((G30*100/107)*(1+($A$1*15)))/15)*1.07,0)<$B$1,"-",ROUNDUP(((((G30*100/107)+$D30)*(1+($A$1*15)))/15)*1.07,0))) -> 1450 | M30: =IF(((G30*$A$1)*18)<$C$1,"-",IF(ROUNDUP((((G30*100/107)*(1+($A$1*18)))/18)*1.07,0)<$B$1,"-",ROUNDUP(((((G30*100/107)+$D30)*(1+($A$1*18)))/18)*1.07,0))) -> 1244 | N30: =IF(((G30*$A$1)*24)<$C$1,"-",IF(ROUNDUP((((G30*100/107)*(1+($A$1*24)))/24)*1.07,0)<$B$1,"-",ROUNDUP(((((G30*100/107)+$D30)*(1+($A$1*24)))/24)*1.07,0))) -> 986 | O30: =ROUNDUP($B30*20%,0) -> 3998 | P30: =$B30-O30 -> 15992 | Q30: =P30+$D30 -> 17442 | R30: =IF(((P30*$A$1)*6)<$C$1,"-",IF(ROUNDUP((((P30*100/107)*(1+($A$1*6)))/6)*1.07,0)<$B$1,"-",ROUNDUP(((((P30*100/107)+$D30)*(1+($A$1*6)))/6)*1.07,0))) -> 3126 | S30: =IF(((P30*$A$1)*9)<$C$1,"-",IF(ROUNDUP((((P30*100/107)*(1+($A$1*9)))/9)*1.07,0)<$B$1,"-",ROUNDUP(((((P30*100/107)+$D30)*(1+($A$1*9)))/9)*1.07,0))) -> 2152 | T30: =IF(((P30*$A$1)*12)<$C$1,"-",IF(ROUNDUP((((P30*100/107)*(1+($A$1*12)))/12)*1.07,0)<$B$1,"-",ROUNDUP(((((P30*100/107)+$D30)*(1+($A$1*12)))/12)*1.07,0))) -> 1664 | U30: =IF(((P30*$A$1)*15)<$C$1,"-",IF(ROUNDUP((((P30*100/107)*(1+($A$1*15)))/15)*1.07,0)<$B$1,"-",ROUNDUP(((((P30*100/107)+$D30)*(1+($A$1*15)))/15)*1.07,0))) -> 1372 | V30: =IF(((P30*$A$1)*18)<$C$1,"-",IF(ROUNDUP((((P30*100/107)*(1+($A$1*18)))/18)*1.07,0)<$B$1,"-",ROUNDUP(((((P30*100/107)+$D30)*(1+($A$1*18)))/18)*1.07,0))) -> 1177 | W30: =IF(((P30*$A$1)*24)<$C$1,"-",IF(ROUNDUP((((P30*100/107)*(1+($A$1*24)))/24)*1.07,0)<$B$1,"-",ROUNDUP(((((P30*100/107)+$D30)*(1+($A$1*24)))/24)*1.07,0))) -> 933 | X30: =ROUNDUP($B30*25%,0) -> 4998 | Y30: =$B30-X30 -> 14992 | Z30: =Y30+$D30 -> 16442 | AA30: =IF(((Y30*$A$1)*6)<$C$1,"-",IF(ROUNDUP((((Y30*100/107)*(1+($A$1*6)))/6)*1.07,0)<$B$1,"-",ROUNDUP(((((Y30*100/107)+$D30)*(1+($A$1*6)))/6)*1.07,0))) -> 2948 | AB30: =IF(((Y30*$A$1)*9)<$C$1,"-",IF(ROUNDUP((((Y30*100/107)*(1+($A$1*9)))/9)*1.07,0)<$B$1,"-",ROUNDUP(((((Y30*100/107)+$D30)*(1+($A$1*9)))/9)*1.07,0))) -> 2029 | AC30: =IF(((Y30*$A$1)*12)<$C$1,"-",IF(ROUNDUP((((Y30*100/107)*(1+($A$1*12)))/12)*1.07,0)<$B$1,"-",ROUNDUP(((((Y30*100/107)+$D30)*(1+($A$1*12)))/12)*1.07,0))) -> 1569 | AD30: =IF(((Y30*$A$1)*15)<$C$1,"-",IF(ROUNDUP((((Y30*100/107)*(1+($A$1*15)))/15)*1.07,0)<$B$1,"-",ROUNDUP(((((Y30*100/107)+$D30)*(1+($A$1*15)))/15)*1.07,0))) -> 1294 | AE30: =IF(((Y30*$A$1)*18)<$C$1,"-",IF(ROUNDUP((((Y30*100/107)*(1+($A$1*18)))/18)*1.07,0)<$B$1,"-",ROUNDUP(((((Y30*100/107)+$D30)*(1+($A$1*18)))/18)*1.07,0))) -> 1110 | AF30: =IF(((Y30*$A$1)*24)<$C$1,"-",IF(ROUNDUP((((Y30*100/107)*(1+($A$1*24)))/24)*1.07,0)<$B$1,"-",ROUNDUP(((((Y30*100/107)+$D30)*(1+($A$1*24)))/24)*1.07,0))) -> 880 | AG30: =ROUNDUP($B30*35%,0) -> 6997 | AH30: =$B30-AG30 -> 12993 | AI30: =AH30+$D30 -> 14443 | AJ30: =IF(((AH30*$A$1)*6)<$C$1,"-",IF(ROUNDUP((((AH30*100/107)*(1+($A$1*6)))/6)*1.07,0)<$B$1,"-",ROUNDUP(((((AH30*100/107)+$D30)*(1+($A$1*6)))/6)*1.07,0))) -> 2592 | AK30: =IF(((AH30*$A$1)*9)<$C$1,"-",IF(ROUNDUP((((AH30*100/107)*(1+($A$1*9)))/9)*1.07,0)<$B$1,"-",ROUNDUP(((((AH30*100/107)+$D30)*(1+($A$1*9)))/9)*1.07,0))) -> 1784 | AL30: =IF(((AH30*$A$1)*12)<$C$1,"-",IF(ROUNDUP((((AH30*100/107)*(1+($A$1*12)))/12)*1.07,0)<$B$1,"-",ROUNDUP(((((AH30*100/107)+$D30)*(1+($A$1*12)))/12)*1.07,0))) -> 1380 | AM30: =IF(((AH30*$A$1)*15)<$C$1,"-",IF(ROUNDUP((((AH30*100/107)*(1+($A$1*15)))/15)*1.07,0)<$B$1,"-",ROUNDUP(((((AH30*100/107)+$D30)*(1+($A$1*15)))/15)*1.07,0))) -> 1137 | AN30: =IF(((AH30*$A$1)*18)<$C$1,"-",IF(ROUNDUP((((AH30*100/107)*(1+($A$1*18)))/18)*1.07,0)<$B$1,"-",ROUNDUP(((((AH30*100/107)+$D30)*(1+($A$1*18)))/18)*1.07,0))) -> 976 | AO30: =IF(((AH30*$A$1)*24)<$C$1,"-",IF(ROUNDUP((((AH30*100/107)*(1+($A$1*24)))/24)*1.07,0)<$B$1,"-",ROUNDUP(((((AH30*100/107)+$D30)*(1+($A$1*24)))/24)*1.07,0))) -> 774 | AP30: =ROUNDUP($B30*40%,0) -> 7996 | AQ30: =$B30-AP30 -> 11994 | AR30: =AQ30+$D30 -> 13444 | AS30: =IF(((AQ30*$A$1)*6)<$C$1,"-",IF(ROUNDUP((((AQ30*100/107)*(1+($A$1*6)))/6)*1.07,0)<$B$1,"-",ROUNDUP(((((AQ30*100/107)+$D30)*(1+($A$1*6)))/6)*1.07,0))) -> 2414 | AT30: =IF(((AQ30*$A$1)*9)<$C$1,"-",IF(ROUNDUP((((AQ30*100/107)*(1+($A$1*9)))/9)*1.07,0)<$B$1,"-",ROUNDUP(((((AQ30*100/107)+$D30)*(1+($A$1*9)))/9)*1.07,0))) -> 1661 | AU30: =IF(((AQ30*$A$1)*12)<$C$1,"-",IF(ROUNDUP((((AQ30*100/107)*(1+($A$1*12)))/12)*1.07,0)<$B$1,"-",ROUNDUP(((((AQ30*100/107)+$D30)*(1+($A$1*12)))/12)*1.07,0))) -> 1285 | AV30: =IF(((AQ30*$A$1)*15)<$C$1,"-",IF(ROUNDUP((((AQ30*100/107)*(1+($A$1*15)))/15)*1.07,0)<$B$1,"-",ROUNDUP(((((AQ30*100/107)+$D30)*(1+($A$1*15)))/15)*1.07,0))) -> 1059 | AW30: =IF(((AQ30*$A$1)*18)<$C$1,"-",IF(ROUNDUP((((AQ30*100/107)*(1+($A$1*18)))/18)*1.07,0)<$B$1,"-",ROUNDUP(((((AQ30*100/107)+$D30)*(1+($A$1*18)))/18)*1.07,0))) -> 909 | AX30: =IF(((AQ30*$A$1)*24)<$C$1,"-",IF(ROUNDUP((((AQ30*100/107)*(1+($A$1*24)))/24)*1.07,0)<$B$1,"-",ROUNDUP(((((AQ30*100/107)+$D30)*(1+($A$1*24)))/24)*1.07,0))) -> 721
A31: {=IFERROR(INDEX('Product Price'!A:A,SMALL('Product Price'!$D:$D,29)),"")} -> HUAWEI MatePad SE 11 8/128 GB | B31: {=IFERROR(INDEX('Product Price'!B:B,SMALL('Product Price'!$D:$D,29)),"")} -> 7990 | C31: {=IFERROR(INDEX('Product Price'!C:C,SMALL('Product Price'!$D:$D,29)),"")} -> 21 | D31: =IF(AND(B31>=3900,B31<=10000),795,IF(AND(B31>=10001,B31<=20000),1450,IF(AND(B31>=20001,B31<=40000),1900,IF(AND(B31>=40001,B31<=60000),2475,IF(AND(B31>=60001,B31<=80000),4025,IF(AND(B31>=80001,B31<=100000),5175,IF(AND(B31>=100001,B31<=120000),6785,""))))))) -> 795 | E31: =IFERROR(B31+D31,"") -> 8785 | F31: =IFERROR(ROUNDUP($B31*15%,0),"") -> 1199 | G31: =$B31-F31 -> 6791 | H31: =$G31+D31 -> 7586 | I31: =IF(((G31*$A$1)*6)<$C$1,"-",IF(ROUNDUP((((G31*100/107)*(1+($A$1*6)))/6)*1.07,0)<$B$1,"-",ROUNDUP(((((G31*100/107)+$D31)*(1+($A$1*6)))/6)*1.07,0))) -> 1362 | J31: =IF(((G31*$A$1)*9)<$C$1,"-",IF(ROUNDUP((((G31*100/107)*(1+($A$1*9)))/9)*1.07,0)<$B$1,"-",ROUNDUP(((((G31*100/107)+$D31)*(1+($A$1*9)))/9)*1.07,0))) -> 937 | K31: =IF(((G31*$A$1)*12)<$C$1,"-",IF(ROUNDUP((((G31*100/107)*(1+($A$1*12)))/12)*1.07,0)<$B$1,"-",ROUNDUP(((((G31*100/107)+$D31)*(1+($A$1*12)))/12)*1.07,0))) -> 725 | L31: =IF(((G31*$A$1)*15)<$C$1,"-",IF(ROUNDUP((((G31*100/107)*(1+($A$1*15)))/15)*1.07,0)<$B$1,"-",ROUNDUP(((((G31*100/107)+$D31)*(1+($A$1*15)))/15)*1.07,0))) -> 598 | M31: =IF(((G31*$A$1)*18)<$C$1,"-",IF(ROUNDUP((((G31*100/107)*(1+($A$1*18)))/18)*1.07,0)<$B$1,"-",ROUNDUP(((((G31*100/107)+$D31)*(1+($A$1*18)))/18)*1.07,0))) -> 513 | N31: =IF(((G31*$A$1)*24)<$C$1,"-",IF(ROUNDUP((((G31*100/107)*(1+($A$1*24)))/24)*1.07,0)<$B$1,"-",ROUNDUP(((((G31*100/107)+$D31)*(1+($A$1*24)))/24)*1.07,0))) -> - | O31: =ROUNDUP($B31*20%,0) -> 1598 | P31: =$B31-O31 -> 6392 | Q31: =P31+$D31 -> 7187 | R31: =IF(((P31*$A$1)*6)<$C$1,"-",IF(ROUNDUP((((P31*100/107)*(1+($A$1*6)))/6)*1.07,0)<$B$1,"-",ROUNDUP(((((P31*100/107)+$D31)*(1+($A$1*6)))/6)*1.07,0))) -> 1291 | S31: =IF(((P31*$A$1)*9)<$C$1,"-",IF(ROUNDUP((((P31*100/107)*(1+($A$1*9)))/9)*1.07,0)<$B$1,"-",ROUNDUP(((((P31*100/107)+$D31)*(1+($A$1*9)))/9)*1.07,0))) -> 889 | T31: =IF(((P31*$A$1)*12)<$C$1,"-",IF(ROUNDUP((((P31*100/107)*(1+($A$1*12)))/12)*1.07,0)<$B$1,"-",ROUNDUP(((((P31*100/107)+$D31)*(1+($A$1*12)))/12)*1.07,0))) -> 687 | U31: =IF(((P31*$A$1)*15)<$C$1,"-",IF(ROUNDUP((((P31*100/107)*(1+($A$1*15)))/15)*1.07,0)<$B$1,"-",ROUNDUP(((((P31*100/107)+$D31)*(1+($A$1*15)))/15)*1.07,0))) -> 567 | V31: =IF(((P31*$A$1)*18)<$C$1,"-",IF(ROUNDUP((((P31*100/107)*(1+($A$1*18)))/18)*1.07,0)<$B$1,"-",ROUNDUP(((((P31*100/107)+$D31)*(1+($A$1*18)))/18)*1.07,0))) -> 486 | W31: =IF(((P31*$A$1)*24)<$C$1,"-",IF(ROUNDUP((((P31*100/107)*(1+($A$1*24)))/24)*1.07,0)<$B$1,"-",ROUNDUP(((((P31*100/107)+$D31)*(1+($A$1*24)))/24)*1.07,0))) -> - | X31: =ROUNDUP($B31*25%,0) -> 1998 | Y31: =$B31-X31 -> 5992 | Z31: =Y31+$D31 -> 6787 | AA31: =IF(((Y31*$A$1)*6)<$C$1,"-",IF(ROUNDUP((((Y31*100/107)*(1+($A$1*6)))/6)*1.07,0)<$B$1,"-",ROUNDUP(((((Y31*100/107)+$D31)*(1+($A$1*6)))/6)*1.07,0))) -> 1220 | AB31: =IF(((Y31*$A$1)*9)<$C$1,"-",IF(ROUNDUP((((Y31*100/107)*(1+($A$1*9)))/9)*1.07,0)<$B$1,"-",ROUNDUP(((((Y31*100/107)+$D31)*(1+($A$1*9)))/9)*1.07,0))) -> 839 | AC31: =IF(((Y31*$A$1)*12)<$C$1,"-",IF(ROUNDUP((((Y31*100/107)*(1+($A$1*12)))/12)*1.07,0)<$B$1,"-",ROUNDUP(((((Y31*100/107)+$D31)*(1+($A$1*12)))/12)*1.07,0))) -> 649 | AD31: =IF(((Y31*$A$1)*15)<$C$1,"-",IF(ROUNDUP((((Y31*100/107)*(1+($A$1*15)))/15)*1.07,0)<$B$1,"-",ROUNDUP(((((Y31*100/107)+$D31)*(1+($A$1*15)))/15)*1.07,0))) -> 535 | AE31: =IF(((Y31*$A$1)*18)<$C$1,"-",IF(ROUNDUP((((Y31*100/107)*(1+($A$1*18)))/18)*1.07,0)<$B$1,"-",ROUNDUP(((((Y31*100/107)+$D31)*(1+($A$1*18)))/18)*1.07,0))) -> 459 | AF31: =IF(((Y31*$A$1)*24)<$C$1,"-",IF(ROUNDUP((((Y31*100/107)*(1+($A$1*24)))/24)*1.07,0)<$B$1,"-",ROUNDUP(((((Y31*100/107)+$D31)*(1+($A$1*24)))/24)*1.07,0))) -> - | AG31: =ROUNDUP($B31*35%,0) -> 2797 | AH31: =$B31-AG31 -> 5193 | AI31: =AH31+$D31 -> 5988 | AJ31: =IF(((AH31*$A$1)*6)<$C$1,"-",IF(ROUNDUP((((AH31*100/107)*(1+($A$1*6)))/6)*1.07,0)<$B$1,"-",ROUNDUP(((((AH31*100/107)+$D31)*(1+($A$1*6)))/6)*1.07,0))) -> 1077 | AK31: =IF(((AH31*$A$1)*9)<$C$1,"-",IF(ROUNDUP((((AH31*100/107)*(1+($A$1*9)))/9)*1.07,0)<$B$1,"-",ROUNDUP(((((AH31*100/107)+$D31)*(1+($A$1*9)))/9)*1.07,0))) -> 742 | AL31: =IF(((AH31*$A$1)*12)<$C$1,"-",IF(ROUNDUP((((AH31*100/107)*(1+($A$1*12)))/12)*1.07,0)<$B$1,"-",ROUNDUP(((((AH31*100/107)+$D31)*(1+($A$1*12)))/12)*1.07,0))) -> 574 | AM31: =IF(((AH31*$A$1)*15)<$C$1,"-",IF(ROUNDUP((((AH31*100/107)*(1+($A$1*15)))/15)*1.07,0)<$B$1,"-",ROUNDUP(((((AH31*100/107)+$D31)*(1+($A$1*15)))/15)*1.07,0))) -> 473 | AN31: =IF(((AH31*$A$1)*18)<$C$1,"-",IF(ROUNDUP((((AH31*100/107)*(1+($A$1*18)))/18)*1.07,0)<$B$1,"-",ROUNDUP(((((AH31*100/107)+$D31)*(1+($A$1*18)))/18)*1.07,0))) -> - | AO31: =IF(((AH31*$A$1)*24)<$C$1,"-",IF(ROUNDUP((((AH31*100/107)*(1+($A$1*24)))/24)*1.07,0)<$B$1,"-",ROUNDUP(((((AH31*100/107)+$D31)*(1+($A$1*24)))/24)*1.07,0))) -> - | AP31: =ROUNDUP($B31*40%,0) -> 3196 | AQ31: =$B31-AP31 -> 4794 | AR31: =AQ31+$D31 -> 5589 | AS31: =IF(((AQ31*$A$1)*6)<$C$1,"-",IF(ROUNDUP((((AQ31*100/107)*(1+($A$1*6)))/6)*1.07,0)<$B$1,"-",ROUNDUP(((((AQ31*100/107)+$D31)*(1+($A$1*6)))/6)*1.07,0))) -> 1006 | AT31: =IF(((AQ31*$A$1)*9)<$C$1,"-",IF(ROUNDUP((((AQ31*100/107)*(1+($A$1*9)))/9)*1.07,0)<$B$1,"-",ROUNDUP(((((AQ31*100/107)+$D31)*(1+($A$1*9)))/9)*1.07,0))) -> 693 | AU31: =IF(((AQ31*$A$1)*12)<$C$1,"-",IF(ROUNDUP((((AQ31*100/107)*(1+($A$1*12)))/12)*1.07,0)<$B$1,"-",ROUNDUP(((((AQ31*100/107)+$D31)*(1+($A$1*12)))/12)*1.07,0))) -> 536 | AV31: =IF(((AQ31*$A$1)*15)<$C$1,"-",IF(ROUNDUP((((AQ31*100/107)*(1+($A$1*15)))/15)*1.07,0)<$B$1,"-",ROUNDUP(((((AQ31*100/107)+$D31)*(1+($A$1*15)))/15)*1.07,0))) -> - | AW31: =IF(((AQ31*$A$1)*18)<$C$1,"-",IF(ROUNDUP((((AQ31*100/107)*(1+($A$1*18)))/18)*1.07,0)<$B$1,"-",ROUNDUP(((((AQ31*100/107)+$D31)*(1+($A$1*18)))/18)*1.07,0))) -> - | AX31: =IF(((AQ31*$A$1)*24)<$C$1,"-",IF(ROUNDUP((((AQ31*100/107)*(1+($A$1*24)))/24)*1.07,0)<$B$1,"-",ROUNDUP(((((AQ31*100/107)+$D31)*(1+($A$1*24)))/24)*1.07,0))) -> -
A32: {=IFERROR(INDEX('Product Price'!A:A,SMALL('Product Price'!$D:$D,30)),"")} -> INFINIX GT 50 Pro 5G 12/512 GB | B32: {=IFERROR(INDEX('Product Price'!B:B,SMALL('Product Price'!$D:$D,30)),"")} -> 19999 | C32: {=IFERROR(INDEX('Product Price'!C:C,SMALL('Product Price'!$D:$D,30)),"")} -> 253 | D32: =IF(AND(B32>=3900,B32<=10000),795,IF(AND(B32>=10001,B32<=20000),1450,IF(AND(B32>=20001,B32<=40000),1900,IF(AND(B32>=40001,B32<=60000),2475,IF(AND(B32>=60001,B32<=80000),4025,IF(AND(B32>=80001,B32<=100000),5175,IF(AND(B32>=100001,B32<=120000),6785,""))))))) -> 1450 | E32: =IFERROR(B32+D32,"") -> 21449 | F32: =IFERROR(ROUNDUP($B32*15%,0),"") -> 3000 | G32: =$B32-F32 -> 16999 | H32: =$G32+D32 -> 18449 | I32: =IF(((G32*$A$1)*6)<$C$1,"-",IF(ROUNDUP((((G32*100/107)*(1+($A$1*6)))/6)*1.07,0)<$B$1,"-",ROUNDUP(((((G32*100/107)+$D32)*(1+($A$1*6)))/6)*1.07,0))) -> 3306 | J32: =IF(((G32*$A$1)*9)<$C$1,"-",IF(ROUNDUP((((G32*100/107)*(1+($A$1*9)))/9)*1.07,0)<$B$1,"-",ROUNDUP(((((G32*100/107)+$D32)*(1+($A$1*9)))/9)*1.07,0))) -> 2275 | K32: =IF(((G32*$A$1)*12)<$C$1,"-",IF(ROUNDUP((((G32*100/107)*(1+($A$1*12)))/12)*1.07,0)<$B$1,"-",ROUNDUP(((((G32*100/107)+$D32)*(1+($A$1*12)))/12)*1.07,0))) -> 1760 | L32: =IF(((G32*$A$1)*15)<$C$1,"-",IF(ROUNDUP((((G32*100/107)*(1+($A$1*15)))/15)*1.07,0)<$B$1,"-",ROUNDUP(((((G32*100/107)+$D32)*(1+($A$1*15)))/15)*1.07,0))) -> 1451 | M32: =IF(((G32*$A$1)*18)<$C$1,"-",IF(ROUNDUP((((G32*100/107)*(1+($A$1*18)))/18)*1.07,0)<$B$1,"-",ROUNDUP(((((G32*100/107)+$D32)*(1+($A$1*18)))/18)*1.07,0))) -> 1244 | N32: =IF(((G32*$A$1)*24)<$C$1,"-",IF(ROUNDUP((((G32*100/107)*(1+($A$1*24)))/24)*1.07,0)<$B$1,"-",ROUNDUP(((((G32*100/107)+$D32)*(1+($A$1*24)))/24)*1.07,0))) -> 987 | O32: =ROUNDUP($B32*20%,0) -> 4000 | P32: =$B32-O32 -> 15999 | Q32: =P32+$D32 -> 17449 | R32: =IF(((P32*$A$1)*6)<$C$1,"-",IF(ROUNDUP((((P32*100/107)*(1+($A$1*6)))/6)*1.07,0)<$B$1,"-",ROUNDUP(((((P32*100/107)+$D32)*(1+($A$1*6)))/6)*1.07,0))) -> 3127 | S32: =IF(((P32*$A$1)*9)<$C$1,"-",IF(ROUNDUP((((P32*100/107)*(1+($A$1*9)))/9)*1.07,0)<$B$1,"-",ROUNDUP(((((P32*100/107)+$D32)*(1+($A$1*9)))/9)*1.07,0))) -> 2152 | T32: =IF(((P32*$A$1)*12)<$C$1,"-",IF(ROUNDUP((((P32*100/107)*(1+($A$1*12)))/12)*1.07,0)<$B$1,"-",ROUNDUP(((((P32*100/107)+$D32)*(1+($A$1*12)))/12)*1.07,0))) -> 1665 | U32: =IF(((P32*$A$1)*15)<$C$1,"-",IF(ROUNDUP((((P32*100/107)*(1+($A$1*15)))/15)*1.07,0)<$B$1,"-",ROUNDUP(((((P32*100/107)+$D32)*(1+($A$1*15)))/15)*1.07,0))) -> 1372 | V32: =IF(((P32*$A$1)*18)<$C$1,"-",IF(ROUNDUP((((P32*100/107)*(1+($A$1*18)))/18)*1.07,0)<$B$1,"-",ROUNDUP(((((P32*100/107)+$D32)*(1+($A$1*18)))/18)*1.07,0))) -> 1177 | W32: =IF(((P32*$A$1)*24)<$C$1,"-",IF(ROUNDUP((((P32*100/107)*(1+($A$1*24)))/24)*1.07,0)<$B$1,"-",ROUNDUP(((((P32*100/107)+$D32)*(1+($A$1*24)))/24)*1.07,0))) -> 934 | X32: =ROUNDUP($B32*25%,0) -> 5000 | Y32: =$B32-X32 -> 14999 | Z32: =Y32+$D32 -> 16449 | AA32: =IF(((Y32*$A$1)*6)<$C$1,"-",IF(ROUNDUP((((Y32*100/107)*(1+($A$1*6)))/6)*1.07,0)<$B$1,"-",ROUNDUP(((((Y32*100/107)+$D32)*(1+($A$1*6)))/6)*1.07,0))) -> 2949 | AB32: =IF(((Y32*$A$1)*9)<$C$1,"-",IF(ROUNDUP((((Y32*100/107)*(1+($A$1*9)))/9)*1.07,0)<$B$1,"-",ROUNDUP(((((Y32*100/107)+$D32)*(1+($A$1*9)))/9)*1.07,0))) -> 2030 | AC32: =IF(((Y32*$A$1)*12)<$C$1,"-",IF(ROUNDUP((((Y32*100/107)*(1+($A$1*12)))/12)*1.07,0)<$B$1,"-",ROUNDUP(((((Y32*100/107)+$D32)*(1+($A$1*12)))/12)*1.07,0))) -> 1570 | AD32: =IF(((Y32*$A$1)*15)<$C$1,"-",IF(ROUNDUP((((Y32*100/107)*(1+($A$1*15)))/15)*1.07,0)<$B$1,"-",ROUNDUP(((((Y32*100/107)+$D32)*(1+($A$1*15)))/15)*1.07,0))) -> 1294 | AE32: =IF(((Y32*$A$1)*18)<$C$1,"-",IF(ROUNDUP((((Y32*100/107)*(1+($A$1*18)))/18)*1.07,0)<$B$1,"-",ROUNDUP(((((Y32*100/107)+$D32)*(1+($A$1*18)))/18)*1.07,0))) -> 1110 | AF32: =IF(((Y32*$A$1)*24)<$C$1,"-",IF(ROUNDUP((((Y32*100/107)*(1+($A$1*24)))/24)*1.07,0)<$B$1,"-",ROUNDUP(((((Y32*100/107)+$D32)*(1+($A$1*24)))/24)*1.07,0))) -> 880 | AG32: =ROUNDUP($B32*35%,0) -> 7000 | AH32: =$B32-AG32 -> 12999 | AI32: =AH32+$D32 -> 14449 | AJ32: =IF(((AH32*$A$1)*6)<$C$1,"-",IF(ROUNDUP((((AH32*100/107)*(1+($A$1*6)))/6)*1.07,0)<$B$1,"-",ROUNDUP(((((AH32*100/107)+$D32)*(1+($A$1*6)))/6)*1.07,0))) -> 2593 | AK32: =IF(((AH32*$A$1)*9)<$C$1,"-",IF(ROUNDUP((((AH32*100/107)*(1+($A$1*9)))/9)*1.07,0)<$B$1,"-",ROUNDUP(((((AH32*100/107)+$D32)*(1+($A$1*9)))/9)*1.07,0))) -> 1785 | AL32: =IF(((AH32*$A$1)*12)<$C$1,"-",IF(ROUNDUP((((AH32*100/107)*(1+($A$1*12)))/12)*1.07,0)<$B$1,"-",ROUNDUP(((((AH32*100/107)+$D32)*(1+($A$1*12)))/12)*1.07,0))) -> 1380 | AM32: =IF(((AH32*$A$1)*15)<$C$1,"-",IF(ROUNDUP((((AH32*100/107)*(1+($A$1*15)))/15)*1.07,0)<$B$1,"-",ROUNDUP(((((AH32*100/107)+$D32)*(1+($A$1*15)))/15)*1.07,0))) -> 1138 | AN32: =IF(((AH32*$A$1)*18)<$C$1,"-",IF(ROUNDUP((((AH32*100/107)*(1+($A$1*18)))/18)*1.07,0)<$B$1,"-",ROUNDUP(((((AH32*100/107)+$D32)*(1+($A$1*18)))/18)*1.07,0))) -> 976 | AO32: =IF(((AH32*$A$1)*24)<$C$1,"-",IF(ROUNDUP((((AH32*100/107)*(1+($A$1*24)))/24)*1.07,0)<$B$1,"-",ROUNDUP(((((AH32*100/107)+$D32)*(1+($A$1*24)))/24)*1.07,0))) -> 774 | AP32: =ROUNDUP($B32*40%,0) -> 8000 | AQ32: =$B32-AP32 -> 11999 | AR32: =AQ32+$D32 -> 13449 | AS32: =IF(((AQ32*$A$1)*6)<$C$1,"-",IF(ROUNDUP((((AQ32*100/107)*(1+($A$1*6)))/6)*1.07,0)<$B$1,"-",ROUNDUP(((((AQ32*100/107)+$D32)*(1+($A$1*6)))/6)*1.07,0))) -> 2415 | AT32: =IF(((AQ32*$A$1)*9)<$C$1,"-",IF(ROUNDUP((((AQ32*100/107)*(1+($A$1*9)))/9)*1.07,0)<$B$1,"-",ROUNDUP(((((AQ32*100/107)+$D32)*(1+($A$1*9)))/9)*1.07,0))) -> 1662 | AU32: =IF(((AQ32*$A$1)*12)<$C$1,"-",IF(ROUNDUP((((AQ32*100/107)*(1+($A$1*12)))/12)*1.07,0)<$B$1,"-",ROUNDUP(((((AQ32*100/107)+$D32)*(1+($A$1*12)))/12)*1.07,0))) -> 1286 | AV32: =IF(((AQ32*$A$1)*15)<$C$1,"-",IF(ROUNDUP((((AQ32*100/107)*(1+($A$1*15)))/15)*1.07,0)<$B$1,"-",ROUNDUP(((((AQ32*100/107)+$D32)*(1+($A$1*15)))/15)*1.07,0))) -> 1060 | AW32: =IF(((AQ32*$A$1)*18)<$C$1,"-",IF(ROUNDUP((((AQ32*100/107)*(1+($A$1*18)))/18)*1.07,0)<$B$1,"-",ROUNDUP(((((AQ32*100/107)+$D32)*(1+($A$1*18)))/18)*1.07,0))) -> 909 | AX32: =IF(((AQ32*$A$1)*24)<$C$1,"-",IF(ROUNDUP((((AQ32*100/107)*(1+($A$1*24)))/24)*1.07,0)<$B$1,"-",ROUNDUP(((((AQ32*100/107)+$D32)*(1+($A$1*24)))/24)*1.07,0))) -> 721
A33: {=IFERROR(INDEX('Product Price'!A:A,SMALL('Product Price'!$D:$D,31)),"")} -> INFINIX GT 50 Pro 5G 12/256 GB | B33: {=IFERROR(INDEX('Product Price'!B:B,SMALL('Product Price'!$D:$D,31)),"")} -> 15999 | C33: {=IFERROR(INDEX('Product Price'!C:C,SMALL('Product Price'!$D:$D,31)),"")} -> 22 | D33: =IF(AND(B33>=3900,B33<=10000),795,IF(AND(B33>=10001,B33<=20000),1450,IF(AND(B33>=20001,B33<=40000),1900,IF(AND(B33>=40001,B33<=60000),2475,IF(AND(B33>=60001,B33<=80000),4025,IF(AND(B33>=80001,B33<=100000),5175,IF(AND(B33>=100001,B33<=120000),6785,""))))))) -> 1450 | E33: =IFERROR(B33+D33,"") -> 17449 | F33: =IFERROR(ROUNDUP($B33*15%,0),"") -> 2400 | G33: =$B33-F33 -> 13599 | H33: =$G33+D33 -> 15049 | I33: =IF(((G33*$A$1)*6)<$C$1,"-",IF(ROUNDUP((((G33*100/107)*(1+($A$1*6)))/6)*1.07,0)<$B$1,"-",ROUNDUP(((((G33*100/107)+$D33)*(1+($A$1*6)))/6)*1.07,0))) -> 2700 | J33: =IF(((G33*$A$1)*9)<$C$1,"-",IF(ROUNDUP((((G33*100/107)*(1+($A$1*9)))/9)*1.07,0)<$B$1,"-",ROUNDUP(((((G33*100/107)+$D33)*(1+($A$1*9)))/9)*1.07,0))) -> 1858 | K33: =IF(((G33*$A$1)*12)<$C$1,"-",IF(ROUNDUP((((G33*100/107)*(1+($A$1*12)))/12)*1.07,0)<$B$1,"-",ROUNDUP(((((G33*100/107)+$D33)*(1+($A$1*12)))/12)*1.07,0))) -> 1437 | L33: =IF(((G33*$A$1)*15)<$C$1,"-",IF(ROUNDUP((((G33*100/107)*(1+($A$1*15)))/15)*1.07,0)<$B$1,"-",ROUNDUP(((((G33*100/107)+$D33)*(1+($A$1*15)))/15)*1.07,0))) -> 1185 | M33: =IF(((G33*$A$1)*18)<$C$1,"-",IF(ROUNDUP((((G33*100/107)*(1+($A$1*18)))/18)*1.07,0)<$B$1,"-",ROUNDUP(((((G33*100/107)+$D33)*(1+($A$1*18)))/18)*1.07,0))) -> 1016 | N33: =IF(((G33*$A$1)*24)<$C$1,"-",IF(ROUNDUP((((G33*100/107)*(1+($A$1*24)))/24)*1.07,0)<$B$1,"-",ROUNDUP(((((G33*100/107)+$D33)*(1+($A$1*24)))/24)*1.07,0))) -> 806 | O33: =ROUNDUP($B33*20%,0) -> 3200 | P33: =$B33-O33 -> 12799 | Q33: =P33+$D33 -> 14249 | R33: =IF(((P33*$A$1)*6)<$C$1,"-",IF(ROUNDUP((((P33*100/107)*(1+($A$1*6)))/6)*1.07,0)<$B$1,"-",ROUNDUP(((((P33*100/107)+$D33)*(1+($A$1*6)))/6)*1.07,0))) -> 2557 | S33: =IF(((P33*$A$1)*9)<$C$1,"-",IF(ROUNDUP((((P33*100/107)*(1+($A$1*9)))/9)*1.07,0)<$B$1,"-",ROUNDUP(((((P33*100/107)+$D33)*(1+($A$1*9)))/9)*1.07,0))) -> 1760 | T33: =IF(((P33*$A$1)*12)<$C$1,"-",IF(ROUNDUP((((P33*100/107)*(1+($A$1*12)))/12)*1.07,0)<$B$1,"-",ROUNDUP(((((P33*100/107)+$D33)*(1+($A$1*12)))/12)*1.07,0))) -> 1361 | U33: =IF(((P33*$A$1)*15)<$C$1,"-",IF(ROUNDUP((((P33*100/107)*(1+($A$1*15)))/15)*1.07,0)<$B$1,"-",ROUNDUP(((((P33*100/107)+$D33)*(1+($A$1*15)))/15)*1.07,0))) -> 1122 | V33: =IF(((P33*$A$1)*18)<$C$1,"-",IF(ROUNDUP((((P33*100/107)*(1+($A$1*18)))/18)*1.07,0)<$B$1,"-",ROUNDUP(((((P33*100/107)+$D33)*(1+($A$1*18)))/18)*1.07,0))) -> 963 | W33: =IF(((P33*$A$1)*24)<$C$1,"-",IF(ROUNDUP((((P33*100/107)*(1+($A$1*24)))/24)*1.07,0)<$B$1,"-",ROUNDUP(((((P33*100/107)+$D33)*(1+($A$1*24)))/24)*1.07,0))) -> 763 | X33: =ROUNDUP($B33*25%,0) -> 4000 | Y33: =$B33-X33 -> 11999 | Z33: =Y33+$D33 -> 13449 | AA33: =IF(((Y33*$A$1)*6)<$C$1,"-",IF(ROUNDUP((((Y33*100/107)*(1+($A$1*6)))/6)*1.07,0)<$B$1,"-",ROUNDUP(((((Y33*100/107)+$D33)*(1+($A$1*6)))/6)*1.07,0))) -> 2415 | AB33: =IF(((Y33*$A$1)*9)<$C$1,"-",IF(ROUNDUP((((Y33*100/107)*(1+($A$1*9)))/9)*1.07,0)<$B$1,"-",ROUNDUP(((((Y33*100/107)+$D33)*(1+($A$1*9)))/9)*1.07,0))) -> 1662 | AC33: =IF(((Y33*$A$1)*12)<$C$1,"-",IF(ROUNDUP((((Y33*100/107)*(1+($A$1*12)))/12)*1.07,0)<$B$1,"-",ROUNDUP(((((Y33*100/107)+$D33)*(1+($A$1*12)))/12)*1.07,0))) -> 1286 | AD33: =IF(((Y33*$A$1)*15)<$C$1,"-",IF(ROUNDUP((((Y33*100/107)*(1+($A$1*15)))/15)*1.07,0)<$B$1,"-",ROUNDUP(((((Y33*100/107)+$D33)*(1+($A$1*15)))/15)*1.07,0))) -> 1060 | AE33: =IF(((Y33*$A$1)*18)<$C$1,"-",IF(ROUNDUP((((Y33*100/107)*(1+($A$1*18)))/18)*1.07,0)<$B$1,"-",ROUNDUP(((((Y33*100/107)+$D33)*(1+($A$1*18)))/18)*1.07,0))) -> 909 | AF33: =IF(((Y33*$A$1)*24)<$C$1,"-",IF(ROUNDUP((((Y33*100/107)*(1+($A$1*24)))/24)*1.07,0)<$B$1,"-",ROUNDUP(((((Y33*100/107)+$D33)*(1+($A$1*24)))/24)*1.07,0))) -> 721 | AG33: =ROUNDUP($B33*35%,0) -> 5600 | AH33: =$B33-AG33 -> 10399 | AI33: =AH33+$D33 -> 11849 | AJ33: =IF(((AH33*$A$1)*6)<$C$1,"-",IF(ROUNDUP((((AH33*100/107)*(1+($A$1*6)))/6)*1.07,0)<$B$1,"-",ROUNDUP(((((AH33*100/107)+$D33)*(1+($A$1*6)))/6)*1.07,0))) -> 2130 | AK33: =IF(((AH33*$A$1)*9)<$C$1,"-",IF(ROUNDUP((((AH33*100/107)*(1+($A$1*9)))/9)*1.07,0)<$B$1,"-",ROUNDUP(((((AH33*100/107)+$D33)*(1+($A$1*9)))/9)*1.07,0))) -> 1466 | AL33: =IF(((AH33*$A$1)*12)<$C$1,"-",IF(ROUNDUP((((AH33*100/107)*(1+($A$1*12)))/12)*1.07,0)<$B$1,"-",ROUNDUP(((((AH33*100/107)+$D33)*(1+($A$1*12)))/12)*1.07,0))) -> 1134 | AM33: =IF(((AH33*$A$1)*15)<$C$1,"-",IF(ROUNDUP((((AH33*100/107)*(1+($A$1*15)))/15)*1.07,0)<$B$1,"-",ROUNDUP(((((AH33*100/107)+$D33)*(1+($A$1*15)))/15)*1.07,0))) -> 935 | AN33: =IF(((AH33*$A$1)*18)<$C$1,"-",IF(ROUNDUP((((AH33*100/107)*(1+($A$1*18)))/18)*1.07,0)<$B$1,"-",ROUNDUP(((((AH33*100/107)+$D33)*(1+($A$1*18)))/18)*1.07,0))) -> 802 | AO33: =IF(((AH33*$A$1)*24)<$C$1,"-",IF(ROUNDUP((((AH33*100/107)*(1+($A$1*24)))/24)*1.07,0)<$B$1,"-",ROUNDUP(((((AH33*100/107)+$D33)*(1+($A$1*24)))/24)*1.07,0))) -> 636 | AP33: =ROUNDUP($B33*40%,0) -> 6400 | AQ33: =$B33-AP33 -> 9599 | AR33: =AQ33+$D33 -> 11049 | AS33: =IF(((AQ33*$A$1)*6)<$C$1,"-",IF(ROUNDUP((((AQ33*100/107)*(1+($A$1*6)))/6)*1.07,0)<$B$1,"-",ROUNDUP(((((AQ33*100/107)+$D33)*(1+($A$1*6)))/6)*1.07,0))) -> 1987 | AT33: =IF(((AQ33*$A$1)*9)<$C$1,"-",IF(ROUNDUP((((AQ33*100/107)*(1+($A$1*9)))/9)*1.07,0)<$B$1,"-",ROUNDUP(((((AQ33*100/107)+$D33)*(1+($A$1*9)))/9)*1.07,0))) -> 1368 | AU33: =IF(((AQ33*$A$1)*12)<$C$1,"-",IF(ROUNDUP((((AQ33*100/107)*(1+($A$1*12)))/12)*1.07,0)<$B$1,"-",ROUNDUP(((((AQ33*100/107)+$D33)*(1+($A$1*12)))/12)*1.07,0))) -> 1058 | AV33: =IF(((AQ33*$A$1)*15)<$C$1,"-",IF(ROUNDUP((((AQ33*100/107)*(1+($A$1*15)))/15)*1.07,0)<$B$1,"-",ROUNDUP(((((AQ33*100/107)+$D33)*(1+($A$1*15)))/15)*1.07,0))) -> 872 | AW33: =IF(((AQ33*$A$1)*18)<$C$1,"-",IF(ROUNDUP((((AQ33*100/107)*(1+($A$1*18)))/18)*1.07,0)<$B$1,"-",ROUNDUP(((((AQ33*100/107)+$D33)*(1+($A$1*18)))/18)*1.07,0))) -> 748 | AX33: =IF(((AQ33*$A$1)*24)<$C$1,"-",IF(ROUNDUP((((AQ33*100/107)*(1+($A$1*24)))/24)*1.07,0)<$B$1,"-",ROUNDUP(((((AQ33*100/107)+$D33)*(1+($A$1*24)))/24)*1.07,0))) -> 593
A34: {=IFERROR(INDEX('Product Price'!A:A,SMALL('Product Price'!$D:$D,32)),"")} -> INFINIX NOTE 50 Pro+ 5G 12/256 GB | B34: {=IFERROR(INDEX('Product Price'!B:B,SMALL('Product Price'!$D:$D,32)),"")} -> 13999 | C34: {=IFERROR(INDEX('Product Price'!C:C,SMALL('Product Price'!$D:$D,32)),"")} -> 23 | D34: =IF(AND(B34>=3900,B34<=10000),795,IF(AND(B34>=10001,B34<=20000),1450,IF(AND(B34>=20001,B34<=40000),1900,IF(AND(B34>=40001,B34<=60000),2475,IF(AND(B34>=60001,B34<=80000),4025,IF(AND(B34>=80001,B34<=100000),5175,IF(AND(B34>=100001,B34<=120000),6785,""))))))) -> 1450 | E34: =IFERROR(B34+D34,"") -> 15449 | F34: =IFERROR(ROUNDUP($B34*15%,0),"") -> 2100 | G34: =$B34-F34 -> 11899 | H34: =$G34+D34 -> 13349 | I34: =IF(((G34*$A$1)*6)<$C$1,"-",IF(ROUNDUP((((G34*100/107)*(1+($A$1*6)))/6)*1.07,0)<$B$1,"-",ROUNDUP(((((G34*100/107)+$D34)*(1+($A$1*6)))/6)*1.07,0))) -> 2397 | J34: =IF(((G34*$A$1)*9)<$C$1,"-",IF(ROUNDUP((((G34*100/107)*(1+($A$1*9)))/9)*1.07,0)<$B$1,"-",ROUNDUP(((((G34*100/107)+$D34)*(1+($A$1*9)))/9)*1.07,0))) -> 1650 | K34: =IF(((G34*$A$1)*12)<$C$1,"-",IF(ROUNDUP((((G34*100/107)*(1+($A$1*12)))/12)*1.07,0)<$B$1,"-",ROUNDUP(((((G34*100/107)+$D34)*(1+($A$1*12)))/12)*1.07,0))) -> 1276 | L34: =IF(((G34*$A$1)*15)<$C$1,"-",IF(ROUNDUP((((G34*100/107)*(1+($A$1*15)))/15)*1.07,0)<$B$1,"-",ROUNDUP(((((G34*100/107)+$D34)*(1+($A$1*15)))/15)*1.07,0))) -> 1052 | M34: =IF(((G34*$A$1)*18)<$C$1,"-",IF(ROUNDUP((((G34*100/107)*(1+($A$1*18)))/18)*1.07,0)<$B$1,"-",ROUNDUP(((((G34*100/107)+$D34)*(1+($A$1*18)))/18)*1.07,0))) -> 902 | N34: =IF(((G34*$A$1)*24)<$C$1,"-",IF(ROUNDUP((((G34*100/107)*(1+($A$1*24)))/24)*1.07,0)<$B$1,"-",ROUNDUP(((((G34*100/107)+$D34)*(1+($A$1*24)))/24)*1.07,0))) -> 716 | O34: =ROUNDUP($B34*20%,0) -> 2800 | P34: =$B34-O34 -> 11199 | Q34: =P34+$D34 -> 12649 | R34: =IF(((P34*$A$1)*6)<$C$1,"-",IF(ROUNDUP((((P34*100/107)*(1+($A$1*6)))/6)*1.07,0)<$B$1,"-",ROUNDUP(((((P34*100/107)+$D34)*(1+($A$1*6)))/6)*1.07,0))) -> 2272 | S34: =IF(((P34*$A$1)*9)<$C$1,"-",IF(ROUNDUP((((P34*100/107)*(1+($A$1*9)))/9)*1.07,0)<$B$1,"-",ROUNDUP(((((P34*100/107)+$D34)*(1+($A$1*9)))/9)*1.07,0))) -> 1564 | T34: =IF(((P34*$A$1)*12)<$C$1,"-",IF(ROUNDUP((((P34*100/107)*(1+($A$1*12)))/12)*1.07,0)<$B$1,"-",ROUNDUP(((((P34*100/107)+$D34)*(1+($A$1*12)))/12)*1.07,0))) -> 1210 | U34: =IF(((P34*$A$1)*15)<$C$1,"-",IF(ROUNDUP((((P34*100/107)*(1+($A$1*15)))/15)*1.07,0)<$B$1,"-",ROUNDUP(((((P34*100/107)+$D34)*(1+($A$1*15)))/15)*1.07,0))) -> 997 | V34: =IF(((P34*$A$1)*18)<$C$1,"-",IF(ROUNDUP((((P34*100/107)*(1+($A$1*18)))/18)*1.07,0)<$B$1,"-",ROUNDUP(((((P34*100/107)+$D34)*(1+($A$1*18)))/18)*1.07,0))) -> 855 | W34: =IF(((P34*$A$1)*24)<$C$1,"-",IF(ROUNDUP((((P34*100/107)*(1+($A$1*24)))/24)*1.07,0)<$B$1,"-",ROUNDUP(((((P34*100/107)+$D34)*(1+($A$1*24)))/24)*1.07,0))) -> 678 | X34: =ROUNDUP($B34*25%,0) -> 3500 | Y34: =$B34-X34 -> 10499 | Z34: =Y34+$D34 -> 11949 | AA34: =IF(((Y34*$A$1)*6)<$C$1,"-",IF(ROUNDUP((((Y34*100/107)*(1+($A$1*6)))/6)*1.07,0)<$B$1,"-",ROUNDUP(((((Y34*100/107)+$D34)*(1+($A$1*6)))/6)*1.07,0))) -> 2147 | AB34: =IF(((Y34*$A$1)*9)<$C$1,"-",IF(ROUNDUP((((Y34*100/107)*(1+($A$1*9)))/9)*1.07,0)<$B$1,"-",ROUNDUP(((((Y34*100/107)+$D34)*(1+($A$1*9)))/9)*1.07,0))) -> 1478 | AC34: =IF(((Y34*$A$1)*12)<$C$1,"-",IF(ROUNDUP((((Y34*100/107)*(1+($A$1*12)))/12)*1.07,0)<$B$1,"-",ROUNDUP(((((Y34*100/107)+$D34)*(1+($A$1*12)))/12)*1.07,0))) -> 1143 | AD34: =IF(((Y34*$A$1)*15)<$C$1,"-",IF(ROUNDUP((((Y34*100/107)*(1+($A$1*15)))/15)*1.07,0)<$B$1,"-",ROUNDUP(((((Y34*100/107)+$D34)*(1+($A$1*15)))/15)*1.07,0))) -> 942 | AE34: =IF(((Y34*$A$1)*18)<$C$1,"-",IF(ROUNDUP((((Y34*100/107)*(1+($A$1*18)))/18)*1.07,0)<$B$1,"-",ROUNDUP(((((Y34*100/107)+$D34)*(1+($A$1*18)))/18)*1.07,0))) -> 809 | AF34: =IF(((Y34*$A$1)*24)<$C$1,"-",IF(ROUNDUP((((Y34*100/107)*(1+($A$1*24)))/24)*1.07,0)<$B$1,"-",ROUNDUP(((((Y34*100/107)+$D34)*(1+($A$1*24)))/24)*1.07,0))) -> 641 | AG34: =ROUNDUP($B34*35%,0) -> 4900 | AH34: =$B34-AG34 -> 9099 | AI34: =AH34+$D34 -> 10549 | AJ34: =IF(((AH34*$A$1)*6)<$C$1,"-",IF(ROUNDUP((((AH34*100/107)*(1+($A$1*6)))/6)*1.07,0)<$B$1,"-",ROUNDUP(((((AH34*100/107)+$D34)*(1+($A$1*6)))/6)*1.07,0))) -> 1898 | AK34: =IF(((AH34*$A$1)*9)<$C$1,"-",IF(ROUNDUP((((AH34*100/107)*(1+($A$1*9)))/9)*1.07,0)<$B$1,"-",ROUNDUP(((((AH34*100/107)+$D34)*(1+($A$1*9)))/9)*1.07,0))) -> 1306 | AL34: =IF(((AH34*$A$1)*12)<$C$1,"-",IF(ROUNDUP((((AH34*100/107)*(1+($A$1*12)))/12)*1.07,0)<$B$1,"-",ROUNDUP(((((AH34*100/107)+$D34)*(1+($A$1*12)))/12)*1.07,0))) -> 1011 | AM34: =IF(((AH34*$A$1)*15)<$C$1,"-",IF(ROUNDUP((((AH34*100/107)*(1+($A$1*15)))/15)*1.07,0)<$B$1,"-",ROUNDUP(((((AH34*100/107)+$D34)*(1+($A$1*15)))/15)*1.07,0))) -> 833 | AN34: =IF(((AH34*$A$1)*18)<$C$1,"-",IF(ROUNDUP((((AH34*100/107)*(1+($A$1*18)))/18)*1.07,0)<$B$1,"-",ROUNDUP(((((AH34*100/107)+$D34)*(1+($A$1*18)))/18)*1.07,0))) -> 715 | AO34: =IF(((AH34*$A$1)*24)<$C$1,"-",IF(ROUNDUP((((AH34*100/107)*(1+($A$1*24)))/24)*1.07,0)<$B$1,"-",ROUNDUP(((((AH34*100/107)+$D34)*(1+($A$1*24)))/24)*1.07,0))) -> 567 | AP34: =ROUNDUP($B34*40%,0) -> 5600 | AQ34: =$B34-AP34 -> 8399 | AR34: =AQ34+$D34 -> 9849 | AS34: =IF(((AQ34*$A$1)*6)<$C$1,"-",IF(ROUNDUP((((AQ34*100/107)*(1+($A$1*6)))/6)*1.07,0)<$B$1,"-",ROUNDUP(((((AQ34*100/107)+$D34)*(1+($A$1*6)))/6)*1.07,0))) -> 1773 | AT34: =IF(((AQ34*$A$1)*9)<$C$1,"-",IF(ROUNDUP((((AQ34*100/107)*(1+($A$1*9)))/9)*1.07,0)<$B$1,"-",ROUNDUP(((((AQ34*100/107)+$D34)*(1+($A$1*9)))/9)*1.07,0))) -> 1221 | AU34: =IF(((AQ34*$A$1)*12)<$C$1,"-",IF(ROUNDUP((((AQ34*100/107)*(1+($A$1*12)))/12)*1.07,0)<$B$1,"-",ROUNDUP(((((AQ34*100/107)+$D34)*(1+($A$1*12)))/12)*1.07,0))) -> 944 | AV34: =IF(((AQ34*$A$1)*15)<$C$1,"-",IF(ROUNDUP((((AQ34*100/107)*(1+($A$1*15)))/15)*1.07,0)<$B$1,"-",ROUNDUP(((((AQ34*100/107)+$D34)*(1+($A$1*15)))/15)*1.07,0))) -> 778 | AW34: =IF(((AQ34*$A$1)*18)<$C$1,"-",IF(ROUNDUP((((AQ34*100/107)*(1+($A$1*18)))/18)*1.07,0)<$B$1,"-",ROUNDUP(((((AQ34*100/107)+$D34)*(1+($A$1*18)))/18)*1.07,0))) -> 668 | AX34: =IF(((AQ34*$A$1)*24)<$C$1,"-",IF(ROUNDUP((((AQ34*100/107)*(1+($A$1*24)))/24)*1.07,0)<$B$1,"-",ROUNDUP(((((AQ34*100/107)+$D34)*(1+($A$1*24)))/24)*1.07,0))) -> 530
